-- phpMyAdmin SQL Dump
-- version 5.0.2
-- https://www.phpmyadmin.net/
--
-- Máy chủ: 127.0.0.1
-- Thời gian đã tạo: Th10 09, 2020 lúc 02:32 PM
-- Phiên bản máy phục vụ: 10.4.14-MariaDB
-- Phiên bản PHP: 7.4.10

SET SQL_MODE = "NO_AUTO_VALUE_ON_ZERO";
START TRANSACTION;
SET time_zone = "+00:00";


/*!40101 SET @OLD_CHARACTER_SET_CLIENT=@@CHARACTER_SET_CLIENT */;
/*!40101 SET @OLD_CHARACTER_SET_RESULTS=@@CHARACTER_SET_RESULTS */;
/*!40101 SET @OLD_COLLATION_CONNECTION=@@COLLATION_CONNECTION */;
/*!40101 SET NAMES utf8mb4 */;

--
-- Cơ sở dữ liệu: `qlbanhang`
--

-- --------------------------------------------------------

--
-- Cấu trúc bảng cho bảng `banner`
--

CREATE TABLE `banner` (
  `id` int(11) NOT NULL,
  `image` int(225) NOT NULL
) ENGINE=InnoDB DEFAULT CHARSET=utf8 COLLATE=utf8_unicode_ci;

-- --------------------------------------------------------

--
-- Cấu trúc bảng cho bảng `category`
--

CREATE TABLE `category` (
  `id` int(11) NOT NULL,
  `name` varchar(255) NOT NULL
) ENGINE=InnoDB DEFAULT CHARSET=utf8mb4;

--
-- Đang đổ dữ liệu cho bảng `category`
--

INSERT INTO `category` (`id`, `name`) VALUES
(1, 'Điện thoại'),
(2, 'máy tính bảng');

-- --------------------------------------------------------

--
-- Cấu trúc bảng cho bảng `color`
--

CREATE TABLE `color` (
  `id` int(11) NOT NULL,
  `name` varchar(50) COLLATE utf8_unicode_ci NOT NULL,
  `price` float NOT NULL,
  `id_product` int(11) NOT NULL
) ENGINE=InnoDB DEFAULT CHARSET=utf8 COLLATE=utf8_unicode_ci;

-- --------------------------------------------------------

--
-- Cấu trúc bảng cho bảng `order`
--

CREATE TABLE `order` (
  `id` int(11) NOT NULL,
  `add` text NOT NULL,
  `name` text NOT NULL,
  `phone` int(11) NOT NULL,
  `email` text NOT NULL,
  `total_price` float NOT NULL,
  `status` int(11) NOT NULL
) ENGINE=InnoDB DEFAULT CHARSET=utf8mb4;

--
-- Đang đổ dữ liệu cho bảng `order`
--

INSERT INTO `order` (`id`, `add`, `name`, `phone`, `email`, `total_price`, `status`) VALUES
(1603790592, 'thuận thành, bắc ninh, việt nam', 'Nguyen thi uyen', 967983212, 'nhokun246@gmail.com', 124110000, 1),
(1603791360, 'thuận thành, bắc ninh, việt nam', 'ádasdas', 967983212, '', 124110000, 1),
(1603791488, 'thuận thành, bắc ninh, việt nam', 'ádasdas', 967983212, 'sv.17103100060@uneti.edu.vn', 35580000, 1),
(1603791616, 'thuận thành, bắc ninh, việt nam', 'sd', 967983212, 'nhokun246@gmail.com', 18590000, 1),
(1603791922, 'thuận thành, bắc ninh, việt nam', 'sd', 967983212, 'nhokun246@gmail.com', 18590000, 1),
(1603791936, 'thuận thành, bắc ninh, việt nam', 'sd', 967983212, 'nhokun246', 18590000, 1),
(1603942875, 'thuận thành, bắc ninh, việt nam', 'dwdwd', 967983212, 'sv.17103100060@uneti.edu.vn', 16990000, 1);

-- --------------------------------------------------------

--
-- Cấu trúc bảng cho bảng `order_detail`
--

CREATE TABLE `order_detail` (
  `id` int(11) NOT NULL,
  `id_product` int(11) NOT NULL,
  `id_order` int(11) NOT NULL,
  `detail_price` float NOT NULL,
  `detail_quantity` int(11) NOT NULL
) ENGINE=InnoDB DEFAULT CHARSET=utf8mb4;

--
-- Đang đổ dữ liệu cho bảng `order_detail`
--

INSERT INTO `order_detail` (`id`, `id_product`, `id_order`, `detail_price`, `detail_quantity`) VALUES
(31, 7, 1603790655, 30550000, 1),
(32, 3, 1603790655, 23390000, 4),
(33, 7, 1603791328, 30550000, 1),
(34, 3, 1603791328, 23390000, 4),
(35, 1, 1603791525, 18590000, 1),
(36, 2, 1603791525, 16990000, 1),
(37, 1, 1603791611, 18590000, 1),
(38, 2, 1603791611, 16990000, 1),
(39, 1, 1603791922, 18590000, 1),
(40, 2, 1603791922, 16990000, 1),
(41, 1, 1603791936, 18590000, 1),
(42, 2, 1603791936, 16990000, 1),
(43, 3, 1603791936, 23390000, 1),
(44, 4, 1603791936, 27590000, 1),
(45, 2, 1603942875, 16990000, 1);

-- --------------------------------------------------------

--
-- Cấu trúc bảng cho bảng `producer`
--

CREATE TABLE `producer` (
  `id` int(11) NOT NULL,
  `hangsx` varchar(200) COLLATE utf8_unicode_ci NOT NULL,
  `id_category` int(11) NOT NULL
) ENGINE=InnoDB DEFAULT CHARSET=utf8 COLLATE=utf8_unicode_ci;

--
-- Đang đổ dữ liệu cho bảng `producer`
--

INSERT INTO `producer` (`id`, `hangsx`, `id_category`) VALUES
(1, 'Samsung', 0),
(2, 'Iphone', 0),
(3, 'Huawei', 0),
(4, 'Xiaomi', 0),
(5, 'Vsmart', 0),
(6, 'Oppo', 0);

-- --------------------------------------------------------

--
-- Cấu trúc bảng cho bảng `product`
--

CREATE TABLE `product` (
  `id` int(11) NOT NULL,
  `tensp` varchar(200) COLLATE utf8_unicode_ci NOT NULL,
  `gia` float NOT NULL,
  `trangthai` tinyint(4) NOT NULL,
  `ngaynhap` date NOT NULL,
  `id_hang` int(11) NOT NULL,
  `image` varchar(200) COLLATE utf8_unicode_ci NOT NULL
) ENGINE=InnoDB DEFAULT CHARSET=utf8 COLLATE=utf8_unicode_ci;

--
-- Đang đổ dữ liệu cho bảng `product`
--

INSERT INTO `product` (`id`, `tensp`, `gia`, `trangthai`, `ngaynhap`, `id_hang`, `image`) VALUES
(2, 'Apple iPhone 11 - 64GB - Chính hãng VN/A', 16990000, 1, '2020-10-13', 2, 'images/iphone/iphone11-64gb.jpg'),
(3, 'Apple iPhone 11 Pro - 64GB Chính hãng VN/A', 23390000, 1, '2020-10-11', 2, 'images/iphone/iphone11pro-64gb.jpg'),
(4, 'Apple iPhone 11 Pro - 256GB Chính hãng VN/A', 27590000, 1, '2020-10-11', 2, 'images/iphone/iphone11pro-256gb.jpg'),
(5, 'Apple iPhone 11 Pro - 512GB - Chính hãng VN/A', 31500000, 1, '2020-10-12', 2, 'images/iphone/iphone11pro-64gb.jpg'),
(6, 'Apple iPhone 11 Pro Max - 64GB - Chính hãng VN/A', 25990000, 1, '2020-10-12', 2, 'images/iphone/iphone11promax-64gb.jpg'),
(7, ' Apple iPhone 11 Pro Max - 256GB - Chính hãng VN/A\r\n\r\n', 30550000, 1, '2020-10-12', 2, 'images/iphone/iphone11pro-256gb.jpg'),
(8, 'Apple iPhone 11 Pro Max - 512GB - Chính hãng VN/A\r\n\r\n', 34490000, 1, '2020-10-10', 2, 'images/iphone/iphone11promax-64gb.jpg'),
(10, 'Samsung Galaxy Note 20 - Chính hãng', 21390000, 1, '2020-10-13', 1, 'images/samsung/ss5.jpg'),
(11, 'Samsung Galaxy A11 - Chính hãng', 3350000, 1, '2020-10-13', 1, 'images/samsung/ss9.jpg'),
(12, 'Samsung Galaxy Note 10 Lite - Chính hãng', 9490000, 1, '2020-10-13', 1, 'images/ss15.jpg'),
(13, 'Samsung Galaxy S20 Ultra - Chính hãng', 23390000, 1, '2020-10-13', 1, 'images/samsung/ss17.jpg'),
(14, 'Samsung Galaxy Z Flip - Chính hãng', 22190000, 1, '2020-10-13', 1, 'images/samsung/ss18.jpg'),
(15, 'Samsung Galaxy A51 - Chính hãng', 6490000, 1, '2020-10-13', 1, 'images/samsung/ss19.jpg'),
(16, 'Samsung Galaxy S20 - Chính hãng', 19190000, 1, '2020-10-15', 1, 'images/samsung/ss20.jpg'),
(17, 'Huawei Y7 Pro 2019 - Chính hãng', 2890000, 1, '2020-10-15', 3, 'images/huawei/ss21.jpg'),
(18, 'Huawei Y9s - 6GB/128GB - Chính hãng', 6000000, 1, '2020-10-15', 3, 'images/huawei/ss22.jpg'),
(19, 'Huawei Nova 5T 2020 - Chính hãng', 9000000, 1, '2020-10-15', 3, 'images/huawei/ss23.jpg'),
(20, 'Huawei Y9 Prime 2019 - Chính hãng', 4800000, 1, '2020-10-15', 3, 'images/huawei/ss24.jpg'),
(21, 'Vsmart Live 4 - 6GB/64GB - Chính hãng', 4290000, 1, '2020-10-15', 5, 'images/vsmart/ss25.jpg'),
(22, 'Vsmart Active 3 - 6GB/64GB - Chính hãng', 3600000, 1, '2020-10-15', 5, 'images/vsmart/ss26.jpg'),
(23, 'Vsmart Active 3 - 4GB/64GB - Chính hãng', 3000000, 1, '2020-10-15', 5, 'images/vsmart/ss27.jpg\r\n'),
(24, 'Vsmart Aris Pro - 8GB/128GB - Chính hãng', 10000000, 1, '2020-10-15', 5, 'images/vsmart/ss28.jpg'),
(25, 'Vsmart Bee 3- 3GB/32GB - Chính Hãng', 1490000, 1, '2020-10-16', 5, 'images/vsmart/ss29.jpg'),
(26, 'Vsmart Joy 3 - 4GB/64GB - Chính Hãng', 2690000, 1, '2020-10-16', 5, 'images/vsmart/ss30.jpg'),
(27, 'Vsmart Joy 4 - 4GB/64GB - Chính Hãng', 3290000, 1, '2020-10-16', 5, 'images/vsmart/ss31.jpg'),
(28, 'Vsmart Aris - 6GB/64GB - Chính hãng', 5590000, 1, '2020-10-16', 5, 'images/vsmart/ss32.jpg'),
(29, 'Xiaomi Redmi Note 8 - 4GB/64GB - Chính hãng DGW', 3790000, 1, '2020-10-13', 4, 'images/xiaomi/xi-redmi note8.jpg'),
(30, 'Xiaomi Redmi Note 8 - 3GB/32GB - Chính hãng DGW', 3490000, 1, '2020-10-13', 4, 'images/xiaomi/xi-redmi note8.jpg'),
(31, 'Xiaomi Mi Note 10 Pro - 8GB/256GB - Chính Hãng DGW', 12490000, 1, '2020-10-14', 4, 'images/xiaomi/xi-mi note10pro.jpg'),
(32, 'Xiaomi Redmi Note 8 Pro - 6GB/128GB - Chính hãng DGW\r\n\r\n', 5350000, 1, '2020-10-11', 4, 'images/xiaomi/xi-redmin8pro.jpg'),
(33, 'Xiaomi Redmi Note 8 Pro - 6GB/64GB - Chính hãng DGW\r\n\r\n', 4990000, 1, '2020-10-11', 4, 'images/xiaomi/xi-redmi note8pro.jpg'),
(34, 'Xiaomi Redmi Note 9 Pro - 6GB/128GB - Chính hãng DGW\r\n\r\n', 6290000, 1, '2020-10-12', 4, 'images/xiaomi/xi-redmi note9.jpg'),
(35, 'Xiaomi Redmi Note 9S - 4GB/64GB - Chính hãng DGW\r\n\r\n', 4750000, 1, '2020-10-14', 4, 'images/xiaomi/xi-redmi note9.jpg'),
(36, 'Xiaomi Redmi Note 9 Pro - 6GB/64GB - Chính hãng DGW\r\n\r\n', 5850000, 1, '2020-10-11', 4, 'images/xiaomi/xi-redmi note9pro1.jpg'),
(37, 'Oppo A12 - 4GB/64GB - Chính hãng', 3350000, 1, '2020-10-10', 6, 'images/oppo/oppo-A12.jpg'),
(38, 'Oppo A31 (2020) 6GB/128GB - Chính hãng', 4150000, 1, '2020-10-10', 6, 'images/oppo/oppoA31.jpg'),
(39, 'Oppo A52 - 6GB/128GB- Chính hãng', 5290000, 1, '2020-10-12', 6, 'images/oppo/oppoA52.jpg'),
(40, 'Oppo A92 - 8GB/128GB - Pin 5000 mAh - Chính hãng\r\n\r\n', 6990000, 1, '2020-10-12', 6, 'images/oppo/oppoA92.jpg'),
(41, 'Oppo Reno3 Pro - Chính Hãng', 8490000, 1, '2020-10-11', 6, 'images/oppo/oppo3pro.jpg'),
(42, 'Oppo Reno4 - Chính Hãng', 8490000, 1, '2020-10-11', 6, 'images/oppo/oppo4.jpg'),
(43, ' Oppo Reno4 Pro - Chính Hãng', 11990000, 1, '2020-10-13', 6, 'images/oppo/oppo4pro.jpg'),
(44, 'OPPO Find X2 - Chính hãng', 17750000, 1, '2020-10-13', 6, 'images/oppo/oppoX2.jpg');

-- --------------------------------------------------------

--
-- Cấu trúc bảng cho bảng `product_detail`
--

CREATE TABLE `product_detail` (
  `id` int(11) NOT NULL,
  `ram` varchar(50) COLLATE utf8_unicode_ci NOT NULL,
  `rom` varchar(50) COLLATE utf8_unicode_ci NOT NULL,
  `screen` float NOT NULL,
  `CPU` varchar(50) COLLATE utf8_unicode_ci NOT NULL,
  `camera` varchar(50) COLLATE utf8_unicode_ci NOT NULL,
  `pin` varchar(50) COLLATE utf8_unicode_ci NOT NULL,
  `id_product` int(11) NOT NULL,
  `image1` varchar(225) COLLATE utf8_unicode_ci NOT NULL,
  `image2` varchar(225) COLLATE utf8_unicode_ci NOT NULL,
  `image3` varchar(225) COLLATE utf8_unicode_ci NOT NULL,
  `detail` text COLLATE utf8_unicode_ci NOT NULL
) ENGINE=InnoDB DEFAULT CHARSET=utf8 COLLATE=utf8_unicode_ci;

--
-- Đang đổ dữ liệu cho bảng `product_detail`
--

INSERT INTO `product_detail` (`id`, `ram`, `rom`, `screen`, `CPU`, `camera`, `pin`, `id_product`, `image1`, `image2`, `image3`, `detail`) VALUES
(2, '4', '64', 6.1, 'Apple A13', 'Camera kép 2 Cảm biến 12 MP', '3110 mAh', 2, 'images/iphone/ip11-64gb2.jpg', 'images/iphone/ip11-128gb3.jpg', 'images/iphone/ip11-128gb1.jpg', '<h2>Mua điện thoại iPhone 11 Pro Max chính hãng, giá rẻ tại Smartphone 24h </h2>\r\n<br>\r\nPhone 11 - siêu phẩm được mong chờ nhất năm 2019 của Apple chuẩn bị ra mắt. Với những cải tiến vượt trội, phiên bản iPhone mới nhất hứa hẹn sẽ làm bùng nổ thị trường công nghệ.\r\n<img style=\"margin-left: 100px\" src=\"images/iphone/detail-ip.jpg\" with=\"100%\" ><br>\r\n<br>\r\n iPhone 11 vẫn sở hữu thiết kế tràn viền với “tai thỏ” giống iPhone X.Mặt lưng iPhone 11 làm từ chất liệu kính nên rất sang trọng, tinh tế. Khác với các dòng iPhone trước, sản phẩm này sẽ có 6 màu bản bạc, vàng, xanh lá, trắng, đen đỏ.\r\nMàn hình rộng 6.1 inch giúp người sử dụng thoải mái trải nghiệm xem phim, lướt web… Đặc biệt Apple đã trang bị tần số quét từ 90 đến 120 Hz với 463 điểm màu.\r\n<br><br>\r\n<h2>Pin dung lượng 3110 mAh nâng thời gian nhiều hơn 1 giờ so với iPhone XR</h2>\r\n<img style=\"margin-left: 147px;width: 518px\" src=\"images/iphone/detail-ip1.jpg\" with=\"100%\">\r\n<br><br>\r\niPhone 11 chính hãng được trang bị pin có dung lượng 3110 mAh. Với dung lượng như vậy thì chỉ một lần sạc là có thể sử dụng thoải mái. Thêm một điểm cộng nữa cho sản phẩm này đó chính là công nghệ sạc không dây 15W. So với sạc không dây 7.5W hiện tại, sạc không dây 15W tăng tốc độ sạc lên 15% và hiệu quả năng lượng cao hơn 30%. Mặc dù là công nghệ sạc nhanh nhưng vẫn đảm bảo iPhone không quá nóng và giảm 3 độ trong lúc sạc.<br>\r\n'),
(3, '4GB', '64', 5.8, 'Apple A13', 'Triple camera( 12 MP x 12 MB x 12 MB)', '3046 mAh', 3, 'images/iphone/ip11pro-64gb.jpg', 'images/iphone/ip11pro-64gb2.jpg', 'images/iphone/ip11pro-64gb1.jpg', '<h2>Mua điện thoại iPhone 11 Pro chính hãng, giá rẻ tại Smartphone 24h </h2>\r\nBên cạnh iPhone 11, iPhone 11 Pro cũng là một sản phẩm được giới yêu công nghệ vô cùng mong đợi. Apple đã nâng cấp thêm nhiều tính năng tuyệt vời cho sản phẩm này.<br><br>\r\n<h2>Thiết kế quen thuộc, màn hình công nghệ cao</h2>\r\n<img style=\"margin-left: 151px;\r\n    width: 523px;\" src=\"images/iphone/detail-ippro.jpeg\" with=\"100%\" >\r\n<br>\r\nThiết kế của iPhone 11 Pro gần như không có gì khác so với iPhone 11. Vẫn là màn hình tai thỏ đẹp mắt với 4 góc máy được bo tròn nhẹ nhàng, tinh tế. Mặt lưng được làm từ chất liệu kính chống bám vân tay nên rất tiện lợi cho người dùng. Có thể nói Apple đã chăm chút cực kỳ kỹ lưỡng cho hình ảnh của sản phẩm mới này.<br><br>\r\n<h2>Công nghệ sạc không dây giúp sạc pin siêu tốc\r\n</h2>\r\n<br>Không chỉ có dung lượng pin lớn hơn, iPhone 11 Pro còn hỗ trợ sạc nhanh siêu tốc. Công nghệ sạc không dây 7.5W đã được nâng cấp lên thành 15W. Hiệu quả năng lượng tăng hơn 30% giúp tăng tốc độ sạc lên 15%. Trong lúc đang cần sử dụng điện thoại gấp cho công việc mà lại hết pin thì bạn chỉ cần sử dụng sạc nhanh là có thể tiếp tục dùng ngay. Pin của iPhone 11 Pro có dung lượng 3174 mAh. Nhờ đó kéo dài thời lượng sử dụng hơn 4 giờ so với iPhone XS.\r\n<br><br>\r\n<h2>Hiệu năng được nâng cấp với chip A13 và hệ điều hành iOS 13</h2>\r\n<img style=\"margin-left: 163px;\r\n    width: 508px;\" src=\"images/iphone/detail-ippro1.jpeg\" with=\"100%\">\r\n<br>\r\nChip A13 sẽ mang đến tốc độ xử lý mạnh mẽ, nhanh chóng và tiết kiệm điện năng hơn so với chip A12 hiện nay. Khả năng xử lý đồ họa, chỉnh sửa ảnh, video và chơi game cũng được nâng cấp cao hơn.\r\nFace ID trên iPhone 11 Pro sẽ tối ưu khả năng nhận diện khuôn mặt và đảm bảo an toàn cho các dự liệu bên trong. Với camera hồng ngoại, đèn chiếu cảm biến hơn 30.000 điểm, Face ID nhận diện khuôn mặt chính xác, nhanh chóng.'),
(4, '4', '256', 5.8, 'Apple A13', 'Triple camera( 12 MP x 12 MB x 12 MB)', '3046 mAh', 4, 'images/iphone/iphone11pro-64gb.jpg', 'images/iphone/ip11pro-64gb2.jpg', 'images/iphone/ip11pro-64gb1.jpg', '<h2>Mua điện thoại iPhone 11 Pro chính hãng, giá rẻ tại Smartphone 24h </h2>\r\n<br>\r\nBên cạnh iPhone 11, iPhone 11 Pro cũng là một sản phẩm được giới yêu công nghệ vô cùng mong đợi. Apple đã nâng cấp thêm nhiều tính năng tuyệt vời cho sản phẩm này.\r\n<h2>Thiết kế quen thuộc, màn hình công nghệ cao</h2>\r\n<br>\r\niPhone 11 Pro cũng sở hữu màn hình tràn viền 5.8 inch. Cùng với đó là công nghệ Super Retina XDR mang đến những hình ảnh sắc nét nhất. Tần số 90 đến 120 Hz cũng giúp cho hình ảnh chuyển động mượt mà hơn. Apple đã sử dụng tấm nền OLED nhằm đáp ứng tối đa nhu cầu làm việc, giải trí, xem phim chất lượng cao. Cùng với đó là công nghệ hiển thị TrueTone, Dollby Vison, HDR 10 giúp nâng độ sáng lên 1200 nit.<br>\r\n<img style=\"margin-left: 164px;\r\n    width: 503px;\" src=\"images/iphone/detail-ippro.jpeg\" with=\"100%\" ><br>\r\n<br>\r\n<h2>Bộ 3 camera độc đáo mang những cải tiến vượt bậc\r\n</h2>\r\n<img style=\"margin-left: 165px;\r\n    width: 503px;\" src=\"images/iphone/detail-ippro2.jpeg\" with=\"100%\">\r\n<br>Camera iPhone 11 Pro chính hãng có lẽ là điểm khác biệt lớn nhất so với các sản phẩm trước đây của Apple và cả những sản phẩm hiện có trên thị trường. Thay vì đặt camera dọc thì chiếc điện thoại này đã hệ thống 3 camera sắp xếp theo hình vuông.\r\nCông nghệ chụp ảnh Deep Fushion có khả năng chụp ngầm liên tiếp 9 bức ảnh.Bộ 3 camera sẽ giúp bạn sở hữu những hình ảnh cực đẹp, cực chất lượng. Cùng với đó là camera selfie đi kèm với ống kính có độ phân giả lên đến 12MP.\r\n'),
(5, '4', '512', 5.8, 'Apple A13', 'Triple camera( 12 MP x 12 MB x 12 MB)', '3046 mAh', 5, 'images/iphone/iphone11pro-256gb.jpg', 'images/iphone/ip11pro-64gb3.jpg', 'images/iphone/ip11pro-64gb1.jpg', '<h2>Mua điện thoại iPhone 11 Pro chính hãng, giá rẻ tại Smartphone 24h </h2>\r\nBên cạnh iPhone 11, iPhone 11 Pro cũng là một sản phẩm được giới yêu công nghệ vô cùng mong đợi. Apple đã nâng cấp thêm nhiều tính năng tuyệt vời cho sản phẩm này.\r\n<br><br>\r\n<h2>Thiết kế quen thuộc, màn hình công nghệ cao\r\n</h2>\r\nThiết kế của iPhone 11 Pro gần như không có gì khác so với iPhone 11. Vẫn là màn hình tai thỏ đẹp mắt với 4 góc máy được bo tròn nhẹ nhàng, tinh tế. Mặt lưng được làm từ chất liệu kính chống bám vân tay nên rất tiện lợi cho người dùng.<br>Cùng với đó là công nghệ Super Retina XDR mang đến những hình ảnh sắc nét nhất. Tần số 90 đến 120 Hz cũng giúp cho hình ảnh chuyển động mượt mà hơn. Apple đã sử dụng tấm nền OLED nhằm đáp ứng tối đa nhu cầu làm việc, giải trí, xem phim chất lượng cao. <br><br>\r\n<img style=\"margin-left: 148px;\r\n    width: 512px;\" src=\"images/iphone/detail-ippro.jpeg\" with=\"100%\" ><br>\r\n<br>\r\n<h2>Công nghệ sạc không dây giúp sạc pin siêu tốc\r\n</h2>\r\n<img style=\"margin-left: 150px;\r\n    width: 510px;\" src=\"images/iphone/detail-ippro3.jpg\" with=\"100%\">\r\n<br><br>Không chỉ có dung lượng pin lớn hơn, iPhone 11 Pro còn hỗ trợ sạc nhanh siêu tốc. Công nghệ sạc không dây 7.5W đã được nâng cấp lên thành 15W. Hiệu quả năng lượng tăng hơn 30% giúp tăng tốc độ sạc lên 15%. Trong lúc đang cần sử dụng điện thoại gấp cho công việc mà lại hết pin thì bạn chỉ cần sử dụng sạc nhanh là có thể tiếp tục dùng ngay. Pin của iPhone 11 Pro có dung lượng 3174 mAh. Nhờ đó kéo dài thời lượng sử dụng hơn 4 giờ so với iPhone XS.\r\n\r\n\r\n'),
(6, '4', '64', 6.5, 'Apple A13', 'Triple camera( 12 MP x 12 MB x 12 MB)', '3969 mAh', 6, 'images/iphone/ip11promax.jpg', 'images/iphone/iphone11pro-256gb.jpg', 'images/iphone/ip11pro-64gb1.jpg', '<h2>Mua điện thoại iPhone 11 Pro Max chính hãng, giá rẻ tại Smartphone 24h </h2>\r\niPhone 11 Pro Max, chiếc điện thoại iPhone cao cấp nhất năm 2019. Sản phẩm có nhiều cải tiến về thiết kế, hiệu năng, camera và hứa hẹn sẽ thỏa mãn sự mong đợi của người dùng.\r\n<br><br>\r\n<h3>Camera cực đẳng cấp với công nghệ Deep Fushion</h3>\r\nPhone 11 Pro Max được nâng cấp lên chip A13, thế hệ chịp sản xuất trên quy trình 7nm công nghệ EUV. Cùng với đó hệ điều hành iOS 13 mang đến những tính năng mới, đẳng cấp hơn. Đồng thời nó cũng giúp truy cập nhanh chóng, xử lý mượt mà, tiết kiệm năng lượng hiệu quả. Đây được đánh giá là bộ vi xử lý hoàn hảo nhất của Apple từ trước đến nay.<br><br>\r\n<img style=\"margin-left: 198px;\r\n    width: 433px;\" src=\"images/iphone/detail-ipmax.jpeg\" with=\"100%\" ><br><br>\r\n<h3>Cấu hình cao, hiệu năng mạnh mẽ</h3><br>\r\n<img style=\"margin-left: 195px;\r\n    width: 440px;\" src=\"images/iphone/detail-ippro3.jpg\" with=\"100%\">\r\n<br><br>\r\niPhone 11 Pro Max được nâng cấp lên chip A13, thế hệ chịp sản xuất trên quy trình 7nm công nghệ EUV. Cùng với đó hệ điều hành iOS 13 mang đến những tính năng mới, đẳng cấp hơn. Đồng thời nó cũng giúp truy cập nhanh chóng, xử lý mượt mà, tiết kiệm năng lượng hiệu quả. Đây được đánh giá là bộ vi xử lý hoàn hảo nhất của Apple từ trước đến nay.\r\nSản phẩm này đã được trang bị camera hồng ngoại, đèn chiếu cảm biến giúp mở khóa nhanh chóng, chính xác, nâng cao tính bảo mật. Sự nâng cấp càng ngày càng làm cho các sản phẩm của Apple trở nên hoàn hảo, được khách hàng tin dùng nhiều hơn.\r\n'),
(7, '4', '256', 6.5, 'Apple A13', 'Triple camera( 12 MP x 12 MB x 12 MB)', '3969 mAh', 7, 'images/iphone/ip11promax.jpg', 'images/iphone/iphone11pro-64gb.jpg', 'images/iphone/ip11pro-64gb1.jpg', '<h2>Mua điện thoại iPhone 11 Pro Max chính hãng, giá rẻ tại Smartphone 24h </h2>\r\niPhone 11 Pro Max, chiếc điện thoại iPhone cao cấp nhất năm 2019. Sản phẩm có nhiều cải tiến về thiết kế, hiệu năng, camera và hứa hẹn sẽ thỏa mãn sự mong đợi của người dùng.<br><br>\r\n<h3>Camera cực đẳng cấp với công nghệ Deep Fushion</h3>\r\n<img style=\"margin-left: 115px;\r\n    width: 440px;\" src=\"images/iphone/detail-ippro2.jpeg\" with=\"100%\" ><br>\r\nBộ 3 camera này chắc chắn sẽ nâng cao chất lượng hình ảnh lên gấp nhiều lần. iPhone 11 Pro Max sẽ có một camera chính 12MP cho hình ảnh chân thật nhất. Cùng với đó là camera tele room 2X giúp chụp ảnh sắc nét đến từng chi tiết. Cuối cùng là camera góc siêu rộng đạt 120 độ nâng cấp phạm vi chụp ảnh. Công nghệ chụp ảnh hoàn toàn mới Deep Fushion  cũng sẽ cho ra đời những bức ảnh căng nét kể cả trong điều kiện thiếu ánh sáng.\r\n<br><br>\r\n<h3>Màn hình 6.5 inch mang đến trải nghiệm tuyệt vời </h3>\r\niPhone 11 Pro Max chính hãng sẽ sở hữu màn hình 6.5 inch với tai thỏ giống như iPhone XS Max. Viền xung quanh máy cũng được làm mỏng tối đa và mở rộng không gian sử dụng. Màn hình sử dụng tấm nền OLED kết hợp với công nghệ Super Retina HD mang đến những trải nghiệm mới, thú vị hơn.\r\nMật độ điểm sáng 1200 nit và mật độ điểm ảnh 458 ppi cho hình ảnh nét hơn so với chuẩn thông thường. Công nghệ chuẩn Dollby Vison và HDR 10 cũng giúp hình ảnh chân thực, đẹp mắt hơn.<br><br>\r\n<img style=\"margin-left: 121px;\r\n    width: 442px;\" src=\"images/iphone/detail-ipmax1.jpeg\" with=\"100%\"><br><br>\r\n<h3>Dung lượng pin lớn giúp sử dụng hiệu quả</h3>\r\niPhone 11 Pro Max được trang bị pin 3650 mAh. Theo Apple, thời lượng của pin sẽ vượt iPhone XS Max tới 5 giờ sử dụng và biến iPhone 11 Pro Max trở thành chiếc iPhone có thời gian sử dụng lâu nhất. Dung lượng cao mang đến trải nghiệm tốt hơn cho người dùng.'),
(8, '4', '512', 6.5, 'Apple A13', 'Triple camera( 12 MP x 12 MB x 12 MB)', '3969 mAh', 8, 'images/iphone/ip11promax.jpg', 'images/iphone/iphone11pro-256gb.jpg', 'images/iphone/ip11pro-64gb1.jpg', '<h2>Mua điện thoại iPhone 11 Pro Max chính hãng, giá rẻ tại Smartphone 24h </h2>\r\niPhone 11 Pro Max, chiếc điện thoại iPhone cao cấp nhất năm 2019. Sản phẩm có nhiều cải tiến về thiết kế, hiệu năng, camera và hứa hẹn sẽ thỏa mãn sự mong đợi của người dùng.<br><br>\r\n<h3>Camera cực đẳng cấp với công nghệ Deep Fushion</h3>\r\n<img style=\"margin-left: 115px;\r\n    width: 440px;\" src=\"images/iphone/detail-ipmax2.jpeg\" with=\"100%\" ><br>\r\nBộ 3 camera này chắc chắn sẽ nâng cao chất lượng hình ảnh lên gấp nhiều lần. iPhone 11 Pro Max sẽ có một camera chính 12MP cho hình ảnh chân thật nhất. Cùng với đó là camera tele room 2X giúp chụp ảnh sắc nét đến từng chi tiết. Cuối cùng là camera góc siêu rộng đạt 120 độ nâng cấp phạm vi chụp ảnh. Công nghệ chụp ảnh hoàn toàn mới Deep Fushion  cũng sẽ cho ra đời những bức ảnh căng nét kể cả trong điều kiện thiếu ánh sáng.\r\n<br><br>\r\n<h3>Màn hình 6.5 inch mang đến trải nghiệm tuyệt vời </h3>\r\niPhone 11 Pro Max chính hãng sẽ sở hữu màn hình 6.5 inch với tai thỏ giống như iPhone XS Max. Viền xung quanh máy cũng được làm mỏng tối đa và mở rộng không gian sử dụng. Màn hình sử dụng tấm nền OLED kết hợp với công nghệ Super Retina HD mang đến những trải nghiệm mới, thú vị hơn.\r\nMật độ điểm sáng 1200 nit và mật độ điểm ảnh 458 ppi cho hình ảnh nét hơn so với chuẩn thông thường. Công nghệ chuẩn Dollby Vison và HDR 10 cũng giúp hình ảnh chân thực, đẹp mắt hơn.<br><br>\r\n<img style=\"margin-left: 121px;\r\n    width: 442px;\" src=\"images/iphone/detail-ipmax1.jpeg\" with=\"100%\"><br><br>\r\n<h3>Cấu hình cao, hiệu năng mạnh mẽ</h3>\r\niPhone 11 Pro Max được nâng cấp lên chip A13, thế hệ chịp sản xuất trên quy trình 7nm công nghệ EUV. Cùng với đó hệ điều hành iOS 13 mang đến những tính năng mới, đẳng cấp hơn. Đồng thời nó cũng giúp truy cập nhanh chóng, xử lý mượt mà, tiết kiệm năng lượng hiệu quả. Đây được đánh giá là bộ vi xử lý hoàn hảo nhất của Apple từ trước đến nay.'),
(51, '8GB', '256GB', 6.7, 'Exynos 990 (7 nm+)', '64MP x 12MP x 12MP.', '4.300mAh ( sạc siêu nhanh 25w)', 10, 'images/samsung/ss6.jpg', 'images/samsung/ss7.jpg', 'images/samsung/ss8.jpg', '<h2>Mua điện thoại chính hãng, giá rẻ tại Smartphone 24h </h2>\r\n					<br>\r\n					Với những thành công mà Samsung đã gặt hái được từ các thế hệ Galaxy Note đi trước, ông lớn tới từ Hàn Quốc lại tiếp tục làm cho người hâm mộ một lần nữa phải phát cuồng vì Galaxy Note20 – thế hệ Galaxy Note mới nhất của họ. Với Galaxy Note20, người dùng giờ đây sẽ có được những trải nghiệm mượt mà mà hơn, đẳng cấp hơn trong một thiết kế cực kì sang trọng và hoàn hảo.</br>\r\n\r\n<h3> Thiết kế</h3>\r\n					<img style=\"    margin-left: 100px; width: 620px; height: 360px;\" src=\"images/samsung/ss5.1.png\" with=\"100%\" ><br>\r\n					<br>\r\n					Có thể nói, từ trước đến nay, thiết kế của dòng Galaxy Note luôn khiến cho người dùng phải thích thú và mê đắm bởi độ tinh xảo kết hợp với những phiên bản màu sắc cực kì hài hòa. Và Galaxy Note20 cũng không phải là ngoại lệ. Máy sở hữu một thiết kế sang trọng, cùng với mặt lưng tuy chỉ được hoàn thiện từ nhựa nhưng đây là loại nhựa Reinforced Polycarbonate cao cấp có độ bền cao, vừa giúp tăng độ bền lại vừa tạo cho máy một vẻ bề ngoài bóng bẩy. Galaxy Note20 mang trên mình một vẻ đẹp nam tính với các cạnh vuông vức, tạo cảm giác cầm nắm cực kì tốt cho chủ sở hữu\r\n					<br><br>\r\n					<h3>Màn hình</h3>\r\n					<img style=\"margin-left: 100px;width: 620px;height: 360px;\" src=\"images/samsung/ss5.2.png\" with=\"100%\">\r\n					<br><br>\r\n					Galaxy Note 20 sở hữu một màn hình với kích thước cực lớn lên tới 6.7 inch, giúp người dùng có một trải nghiệm tốt hơn rất nhiều so với các thế hệ Galaxy Note trước đây. Với màn hình rộng như vậy, giờ đây bạn có thể tha hồ chơi game hoặc trải nghiệm những thước phim theo cách hoàn hảo nhất. Samsung cũng đã mang công nghệ màn hình Super AMOLED+ lên Galaxy Note20. Công nghệ màn hình Super AMOLED sẽ giúp máy có thể tái tạo được những dải màu sắc siêu chân thực, theo sát với thực tế để mang tới trài nghiệm đã mắt nhất cho người dùng.<br>'),
(52, '3GB', '32GB', 6.4, 'Snapdragon 450 8 nhân', 'Chính 13 MP & Phụ 5 MP, 2 MP', '4000 mAh', 11, 'images/samsung/ss10.jpg', 'images/samsung/ss11.jpg', 'images/samsung/ss12.jpg', '<h2>Mua điện thoại chính hãng, giá rẻ tại Smartphone 24h </h2>\r\n					<br>\r\n					Samsung Galaxy A11 với thiết kế màn hình Infinity-O siêu tràn viền, bộ ba camera ấn tượng, đi kèm với mức giá phải chăng hứa hẹn sẽ tạo nên cơn sốt trên thị trường điện thoại giá rẻ.</br>\r\n\r\n<h3> Màn hình Infinity-O siêu tràn viền 6.4 inch</h3>\r\n					<img style=\"    margin-left: 100px; width: 620px; height: 360px;\" src=\"images/samsung/ss9.1.jpg\" with=\"100%\" ><br>\r\n					<br>\r\n					Vì là smartphone giá rẻ, Galaxy A11 không dùng màn hình AMOLED thường thấy của Samsung, thay vào đó là màn hình PLS TFT độ phân giải HD+. Điểm cộng cho màn hình của máy là kích thước đến 6.4 inch rộng rãi, phù hợp nhiều nhu cầu sử dụng khác nhau.\r\n					<br><br>\r\n					<h3>Lưu giữ khoảnh khắc thường ngày với bộ 3 camera đa dụng</h3>\r\n					<img style=\"margin-left: 100px;width: 620px;height: 360px;\" src=\"images/samsung/ss9.2.jpg\" with=\"100%\">\r\n					<br><br>\r\n					Về camera, Galaxy A11 được trang bị 3 camera mặt sau bao gồm: 13 MP + 5 MP + 2 MP, trong khi mặt trước là camera selfie với thiết kế đục lỗ độ phân giải 8 MP để người dùng chụp ảnh “tự sướng” và gọi video call.<br>'),
(53, '8GB', '128GB', 6.7, 'Exynos 9810 8 nhân', 'Chính 12 MP & Phụ 12 MP, 12 MP', '4500 mAH', 12, 'images/samsung/ss14.jpg', 'images/samsung/ss15.jpg', 'images/samsung/ss16.jpg', '<h2>Mua điện thoại chính hãng, giá rẻ tại Smartphone 24h </h2>\r\n					<br>\r\n					Samsung Galaxy Note Lite ra mắt mang đến trải nghiệm màn hình vô cực tuyệt vời cho người dùng. Phiên bản này có thiết kế nhỏ gọn, tính năng ưu việt và giá rẻ hơn so với bộ đôi Note 10, Note 10 +.</br>\r\n\r\n<h3> Vẻ đẹp hiện đại, màn hình tuyệt mỹ</h3>\r\n					<img style=\"    margin-left: 100px; width: 620px; height: 360px;\" src=\"images/samsung/ss13.1.png\" with=\"100%\" ><br>\r\n					<br>\r\n					Samsung Galaxy Note 10 Lite chính hãng sở hữu thiết kế đẳng cấp quen thuộc với các góc bo tròn đẹp mắt. Phần viền kim loại được uốn cong giúp tăng thêm sự thanh lịch và cầm nắm dễ dàng hơn. Cùng với đó là mặt kính bóng bẩy với màu sắc thu hút. Từng chi tiết trên chiếc smartphone đều được chế tác tỉ mỉ, toát lên sự đẳng cấp.\r\n\r\nMàn hình vô cực Infinity-O cũng là một trong những điểm hấp dẫn của Galaxy Note 10 Lite. Màn hình này có kích thước 6,7 inch, lớn hơn Note 10 và nhỏ hơn Note 10 + một chút. Nó sẽ mang đến không gian sử dụng rộng, hiển thị đầy đủ các nội dung. Với tấm nền Super AMOLED cao cấp, độ phân giải Full HD +, chiếc điện thoại này sẽ giúp bạn tận hưởng chất lượng hiển thị tuyệt vời, chân thực.\r\n\r\n\r\n					<br><br>\r\n					<h3>Bộ ba camera cực chuyên nghiệp, chất lượng hàng đầu</h3>\r\n					<img style=\"margin-left: 100px;width: 620px;height: 360px;\" src=\"images/samsung/ss13.2.jpg\" with=\"100%\">\r\n					<br><br>\r\n					Camera của Samsung Galaxy Note 10 Lite đã được nâng cấp để đáp ứng tốt hơn nhu cầu của người dùng. Bạn sẽ được trải nghiệm camera chính 12 MP với khả năng lấy nét kép Dual Pixel, tạo ra những bức ảnh tuyệt vời. Bên cạnh đó là cảm biến góc siêu rộng 12 MP 123 độ cho phép chụp mọi cảnh thiên nhiên hung vĩ. Và cuối cùng là camera tele 12 MP giúp zoom 2x cận cảnh. Đặc biệt máy còn có camera selfie 32 MP thiết kế hình giọt nước ở mặt trước.\r\n\r\nHệ thống camera chuyên nghiệp sẽ nâng cao chất lượng chụp ảnh và quay video siêu sắc nét. Nhờ đó, bạn có thể lưu giữ lại mọi khoảnh khắc đẹp trong cuộc sống của mình. Galaxy Note 10 Lite cũng có tính năng chụp ảnh xóa phông Live Focus cực đẹp. Nó sẽ giúp làm mờ hậu cảnh và khiến cho bức ảnh trở nên sinh động hơn.<br>'),
(54, '12GB', '128GB', 6.9, 'Exynos 990 (7 nm+)', '108 MP, f/1.8, 26mm (wide), PDAF, OIS Camera siêu ', '5000 mAh, Sạc nhanh 45W, Sạc không dây 15W', 13, 'images/samsung/ss17.1.jpg', 'images/samsung/ss17.2.jpg', 'images/samsung/ss17.3.jpg', '<h2>Mua điện thoại chính hãng, giá rẻ tại Smartphone 24h </h2>\r\n					<br>\r\n					Galaxy S20 là dòng sản phẩm mới sắp được Samsung cho ra mắt. Trong ba phiên bản đã giới thiệu trước đó thì Samsung Galaxy S20 Ultra là phiên bản cao cấp nhất. Máy được trang bị nhiều tính năng tuyệt vời cùng thông số ấn tượng.</br>\r\n\r\n<h3> Màn hình AMOLED Full HD kích thước lên tới 6.9 inch</h3>\r\n					<img style=\"    margin-left: 100px; width: 620px; height: 360px;\" src=\"images/samsung/ss17.4.jpg\" with=\"100%\" ><br>\r\n					<br>\r\n					Thiết kế của Samsung Galaxy S20 Ultra tương đối giống với hai phiên bản Galaxy S20 và Galaxy S20 +. Có lẽ điểm khác biệt rõ ràng nhất là kích thước của sản phẩm. Galaxy S20 Ultra sở hữu màn hình với kích thước lên tới 6.9 inch, lớn hơn hẳn hai thiết bị còn lại. Tấm nền AMOLED cùng độ phân giải Full HD sẽ mang đến hình ảnh hiển thị vô cùng sắc nét.\r\n\r\nMặc dù vẫn là màn hình lỗ bấm nhưng máy lại được trang bị tần số quét lên tới 120 Hz. Tần số này sẽ tăng độ nhạy cho cảm ứng. Nhờ đó các thao tác vuốt, chạm sẽ trở nên chân thực, mượt mà hơn. Bạn sẽ cảm nhận rất rõ điều này khi chơi các tựa game đồ họa cao. Đặc biệt công nghệ cảm ứng vân tay ngay trên màn hình cũng giúp thao tác nhanh chóng, thuận tiện. Bên cạnh đó, mặt lưng của máy được làm bằng kính cường lực cao cấp, sang trọng và chống va đập tốt.\r\n					<br><br>\r\n					<h3>Samsung Galaxy S20 Ultra có tơi 4 camera đẳng cấp</h3>\r\n					<img style=\"margin-left: 100px;width: 620px;height: 360px;\" src=\"images/samsung/ss17.5.jpg\" with=\"100%\">\r\n					<br><br>\r\n					Samsung đã mang đến bộ tứ camera đẳng cấp cho Galaxy S20 Ultra. Đầu tiên phải kể đến camera chính với độ phân giải lên tới 108 MP. Có thể đây không phải là chiếc smartphone đầu tiên trang bị cảm biến 108 MP nhưng chắc chắn camera của Samsung sẽ được tinh chỉnh để giúp tạo ra những bức ảnh đẹp nhất. Camera này còn có thể zoom quang 5x.\r\n\r\nTiếp theo là camera ToF 3D tương tự như Galaxy Note 10. Còn lại là bộ đôi camera tele 48 MP và cảm biến góc siêu rộng 12 MP. Với cụm camera này, bạn có thể quay video 8K 30 fps, zoom quang 10x hoặc zoom điện tử 100x. Và tất nhiên máy sẽ không thể hoàn chỉnh nếu như thiếu camera selfie 40 MP ở mặt trước. Samsung đã tích hợp thêm các chế độ làm đẹp nhằm giúp người dùng có được bức ảnh đẹp nhất.<br>'),
(55, '8GB', '256GB', 6.7, 'Qualcomm Snapdragon 855 Plus', 'Chính 12 MP & Phụ 12 MP', '3300 mAh', 14, 'images/samsung/ss18.1.jpg', 'images/samsung/ss18.2.jpg', 'images/samsung/ss18.3.jpg', '<h2>Mua điện thoại chính hãng, giá rẻ tại Smartphone 24h </h2>\r\n					<br>\r\n					Samsung đã ra mắt điện thoại Galaxy Z Flip tại sự kiện Unpacked 2020. Chỉ vài giờ sau đó, tuyệt tác màn hình gập này đã ra được giới thiệu tại Việt Nam với một kiểu dáng hoàn toàn khác so với Galaxy Fold.</br>\r\n\r\n<h3> Thiết kế màn hình gập bằng kính lần đầu tiên xuất hiện trên Galaxy Z Flip</h3>\r\n					<img style=\"    margin-left: 100px; width: 620px; height: 360px;\" src=\"images/samsung/ss18.4.jpg\" with=\"100%\" ><br>\r\n					<br>\r\n					Galaxy Z Flip chính hãng được Samsung trang bị công nghệ độc quyền Infinity Flex và Ultra Thin Glass (UTG). Nhờ đó, chiếc điện thoại này đã trở thành sản phẩm đầu tiên trên thế giới sở hữu màn hình gập bằng kính. Thiết kế của Galaxy Z Flip mỏng và cao cấp hơn so với các thiết bị khác. Đặc biệt các góc bo tròn giúp âm thanh khi gập máy trở nên dễ chịu hơn. \r\n\r\nTheo như Samsung đã tiết lộ, thiết bị này có thể gập được tới 200.000 lần. Vậy là kể cả khi bạn đóng/mở 100 lần/ngày thì vẫn dùng được trong 5 năm. Cơ chế đóng/mở của Z Flip cũng được đánh giá là dễ hơn Galaxy Fold. Bên cạnh đó máy còn có chế độ Flex Mode cho phép mở máy ở góc 90 độ. Nhờ đó, bạn có thể chụp ảnh selfie ngay cả khi để máy trên bàn. Ngoài ra, bạn có thể sử dụng hai ứng dụng cùng một lúc bằng cách chia đôi màn hình.\r\n					<br><br>\r\n					<h3>Màn hình AMOLED Full HD + với tỷ lệ lên tới 21,9:9</h3>\r\n					<img style=\"margin-left: 100px;width: 620px;height: 360px;\" src=\"images/samsung/ss18.5.jpg\" with=\"100%\">\r\n					<br><br>\r\n					Samsung Galaxy Z Flip được trang bị tấm nền AMOLED, độ phân giải Full HD +. Với kích thước 6.7 inch cùng tỷ lệ 21,9:9, màn hình của máy mang đến trải nghiệm cực kỳ tuyệt vời. Sản phẩm này có ba phiên bản màu sắc tương đối dễ chọn lựa là đen, tím và vàng.\r\n\r\nKhi gập lại, Galaxy Z Flip chỉ nhỏ như một hộp phấn trang điểm và rất thuận tiện khi mang bên người. Phía bên ngoài của máy có một màn hình nhỏ kích thước 1,1 inch. Nhờ đó, bạn có thể xem giờ, xem phần trăm pin, nhận thông báo... mà không cần mở máy.<br>'),
(56, '6GB', '128GB', 6.5, 'Exynos 9611', 'Camera chính 48 MP & Phụ 12 MP, 5 MP, 5 MP', '4000 mAh', 15, 'images/samsung/ss19.1.jpg', 'images/samsung/ss19.2.jpg', 'images/samsung/ss19.3.jpg', '<h2>Mua điện thoại chính hãng, giá rẻ tại Smartphone 24h </h2>\r\n					<br>\r\n					Galaxy A là dòng điện thoại tầm trung dẫn đầu về doanh thu tại thị trường Việt Nam. Ngày 12/12/2019, Công ty Điện tử Samsung Vina đã cho ra mắt Samsung Galaxy A51, chiếc smartphone sở hữu Camera Macro ấn tượng.</br>\r\n\r\n<h3> Galaxy A51 đánh dấu sự thành công của dòng Galaxy A tại Việt Nam</h3>\r\n					<img style=\"    margin-left: 100px; width: 620px; height: 360px;\" src=\"images/samsung/ss19.4.jpg\" with=\"100%\" ><br>\r\n					<br>\r\n					Samsung đã liên tục tạo ra những cải tiến công nghệ mới trên thị trường. Và Samsung Galaxy A51 chính là chiếc điện thoại thông minh tiếp theo gắn liền với những bước tiên phong đột phá ấy. Bởi vì đây là sản phẩm sở hữu Camera Macro chụp ảnh cận cảnh ấn tượng. Nó sẽ giúp bạn ghi lại mọi hình ảnh một cách chi tiết nhất. Kể cả những vật thể vô cùng nhỏ bé cũng có thể được chụp lại rõ nét, thể hiện phong cách Macro đầy nghệ thuật.\r\n\r\nÔng Nguyễn Quang Hiền Huy, đại diện Công ty Điện tử Samsung Vina chia sẻ rằng Galaxy A luôn là dòng Smartphone được ưa chuộng nhất và dẫn đầu thị phần tại Việt Nam. Và sự ra đời của Galaxy A51 đã mở đầu cho Galaxy A 2020, đồng thời đưa Việt Nam trở thành nước đầu tiên trên thế giới cho ra mắt sản phẩm này.\r\n					<br><br>\r\n					<h3>Camera Macro chụp ảnh cận cảnh xuất hiện lần đầu tiên trên dòng Galaxy A</h3>\r\n					<img style=\"margin-left: 100px;width: 620px;height: 360px;\" src=\"images/samsung/ss19.5.jpg\" with=\"100%\">\r\n					<br><br>\r\n					Samsung Galaxy A51 chính hãng được trang bị tới 4 camera ở mặt lưng. Ấn tượng nhất là camera Macro 5 MP chụp ảnh cận cảnh, lấy nét cực tốt. Nó có thể ghi lại từng chi tiết nhỏ nhất một cách nghệ thuật. Bên cạnh đó là camera chính 48 MP giúp tạo ra những hình ảnh chân thực, sinh động. Tiếp theo là camera góc siêu rộng 123 độ 12 MP cùng tính năng chuyển đổi thông minh. Nghĩa là khi thấy cần thiết, máy sẽ tự động chuyển đổi chế độ chụp. Cuối cùng là camera cảm biến chiều sâu 5 MP với hiệu ứng xóa phông độc đáo. Camera trước 32 MP cũng sẽ mang đến cho bạn những hình ảnh selfie đẹp.\r\n\r\nSản phẩm còn sở hữu công nghệ AI với khả năng nhận diện đến 30 chủ thể, đồng thời tối ưu hóa hình ảnh cực tốt. Cùng với đó, tính năng Super Steady Video giúp quay video ổn định, mượt mà hơn. Tính năng này cũng sẽ giảm bớt tình trạng rung khi quay video. Vậy nên cho dù bạn đang vận động hay quay vật thể chuyển động thì vẫn đảm bảo lưu giữ hình ảnh sắc nét.<br>'),
(57, '8 GB', '128 GB', 6.2, 'Exynos 990 (7 nm+)', '64MP x 12MP x 12Mp', '4000 mAh, Sạc nhanh 25W', 16, 'images/samsung/ss20.1.jpg', 'images/samsung/ss20.2.jpg', 'images/samsung/ss20.3.jpg', '<h2>Mua điện thoại Samsung Galaxy S20 giá rẻ tại Smartphone24h </h2>\r\n					<br>\r\n					Galaxy S20 – Chiếc flagship mới nhất của Samsung đã được ra mắt vào đầu năm 2020 đem tới cho người dùng nhiều cải tiến về hiệu năng cũng như các tính năng mới cực hữu ích.</br>\r\n<h3>Màn hình siêu đẹp</h3>\r\n					<img style=\"    margin-left: 100px; width: 620px; height: 360px;\" src=\"images/samsung/ss20.jpg\" with=\"100%\" ><br>\r\n					<br>\r\n					iPhone 11 vẫn sở hữu thiết kế tràn viền với “tai thỏ” giống iPhone X.Mặt lưng Sở hữu một màn hình vô cực 6.2 inch, độ phân giải WQHD+ 3200x1440P với tần số quét lên tới 120Hz, trên tấm nền Super AMOLED trứ danh; tất cả những điều đó đã làm nên một Galaxy S20 với màn hình sắc nét nhất từ trước đến nay. Các chi tiết được tái hiện cực kì mượt mà, đảm bảo cho người dùng sẽ có những trải nghiệm tốt nhất có thể. Ngoài ra, ẩn bên dưới màn hình sẽ là cảm biến vân tay Qualcomm 3D Sonic Max thế hệ mới nhất, cho độ phủ rộng hơn gấp 17 lần so với người tiền nhiệm Galaxy S10.\r\n					<br><br>\r\n					<h3>Cấu hình mạnh mẽ với con chip Exynos 990</h3>\r\n					<img style=\"margin-left: 100px;width: 620px;height: 360px;\" src=\"images/samsung/ss20.4.jpg\" with=\"100%\">\r\n					<br><br>\r\n					Galaxy S20 sẽ được Samsung trang bị cho con chip “cây nhà lá vườn” mới nhất Exynos 990, được sản xuất trên quy trình 7nm, đảm bảo cho máy được vận hành một cách trơn tru, mượt mà nhất mà vẫn tiết kiệm được điện năng. Với con chip Exynos 990, Galaxy S20 có thể xử lý mượt các tác vụ hàng ngày cho đến chiến những tựa game nặng đô.<br>'),
(58, '3 GB', '32 GB', 6.26, 'Qualcomm Snapdragon 450 8 nhân 64-bit', '13MP + 2MP', '4000 mAh', 17, 'images/huawei/ss21.1.jpg', 'images/huawei/ss21.2.jpg', 'images/huawei/ss21.3.jpg', '<h2>Mua Huawei Y7 Pro 2019 chính hãng tại Smartphone24h </h2>\r\n					<br>\r\n					Huawei Y7 Pro 2019 là mẫu điện thoại phổ thông mới nhất của Huawei đã có mặt tại Hoàng Hà Mobile. Với người dùng cần một chiếc smartphone màn hình lớn, thiết kế đẹp, camera chất lượng với mức giá phải chăng thì Huawei Y7 Pro 2019 là dành cho bạn.\r\n					<img style=\"    margin-left: 100px; width: 620px; height: 360px;\" src=\"images/huawei/ss21.4.jpg\" with=\"100%\" ><br>\r\n					<br>\r\n					Huawei Y7 Pro 2019 có phần lưng máy và khung viền hoàn thiện bằng chất liệu nhựa, chất liệu giúp máy nhẹ nhẹ hơn và để giảm được chi phí sản xuất cho một chiếc điện thoại phổ thông.\r\n					<br><br>\r\n					<h3>Tối ưu hiển thị với màn hình giọt nướcXR</h3>\r\n					<img style=\"margin-left: 100px;width: 620px;height: 360px;\" src=\"images/huawei/ss21.5.jpg\" with=\"100%\">\r\n					<br><br>\r\n					Huawei Y7 Pro 2019 trang bị màn hinh lớn kích thước 6.26inch, độ phân giải HD+, tấm màn hình IPS LCD, đây là những trang bị tốt trong phân khúc giá của máy.\r\n\r\nThiết kế màn hình giọt nước thay vì notch “tai thỏ” giúp không gian hiển lên tới 86,7%, khu vực giọt nước sẽ chứa camera selfie, cảm biến và loa thoại. Thiết kế phần viền của máy không quá mỏng, phần cằm dưới vẫn sẽ có chỗ dành cho logo Huawei. Việc tối ưu hóa màn hình trên Huawei Y7 Pro 2019 chưa thể hoàn hảo do phần viền bezel chưa được mỏng nhưng so với các mẫu điện thoại ở cùng phần khúc thì Huawei Y7 Pro 2019 hoàn toàn không thua kém.<br>'),
(59, '6GB', '128 GB', 6.59, 'Kirin 710F 8 nhân', 'Chính 48 MP & Phụ 8 MP, 2 MP', '4000 mAh', 18, 'images/huawei/ss22.1.jpg', 'images/huawei/ss22.2.jpg', 'images/huawei/ss22.3.jpg', '<h2>Mua điện thoại chính hãng, giá rẻ tại Smartphone 24h </h2>\r\n					<br>\r\n					Huawei Y9s là chiếc smartphone nối tiếp sự thành công của Huawei Y9 2019. Với sự nâng cấp về hiệu năng, cải tiến về thiết kế, sản phẩm này hữa hẹn sẽ mang đến trải nghiệm thú vị cho người dùng.</br>\r\n<h3> Thiết kế tràn viền, mặt lưng gradient bắt mắt</h3>\r\n					<img style=\"    margin-left: 100px; width: 620px; height: 360px;\" src=\"images/huawei/ss22.4.jpg\" with=\"100%\" ><br>\r\n					<br>\r\n					Huawei Y9s chính hãng sở hữu thiết kế màn hình tràn viền với tỷ lệ hiển thị lên đến 91%. Không có “tai thỏ” hay “nốt ruồi” như đa số sản phẩn trên thị trường. Màn hình của máy vô cùng hoàn hảo, gần như không khuyết điểm. Bên cạnh đó, mặt lưng phía sau cũng được làm cong 3D mang đến vẻ đẹp tinh xảo. Các đường vân nano càng làm cho máy trở nên bóng bẩy, sang trọng hơn.\r\n\r\nĐặc biệt Huawei nổi tiếng với những thiết kế được yêu thích hàng đầu. Hãng đã sử dụng mặt kính gradient nhằm tạo ra hiệu ứng chuyển màu bắt mắt. Màu sắc sẽ thay đổi theo ánh sáng vậy nên chỉ cần nghiêng máy là bạn sẽ cảm nhận được. Huawei Y9s có sức hấp dẫn lớn đối với người dùng là nhờ hai màu sắc quyến rũ Đen Bóng Đêm và Xanh Thiên Thanh.\r\n					<br><br>\r\n					<h3>Màn hình Full HD + với kích thước lên tới 6.59 inch</h3>\r\n					<img style=\"margin-left: 100px;width: 620px;height: 360px;\" src=\"images/huawei/ss22.5.jpg\" with=\"100%\">\r\n					<br><br>\r\n					Màn hình của Huawei Y9s có kích thước 6.59 icnh, một kích thước lớn hơn so với các sản phẩm cùng tầm giá. Và nó sẽ mang đến những trải nghiệm xem phim, lướt web, chơi game… cực thú vị cho bạn. Tấm nền Ultra Fullview cùng độ phân giải Full HD + cũng sẽ giúp hình ảnh hiển thị rõ nét, đúng màu sắc.\r\n\r\nHuawei đã trang bị cho Y9s tính năng bảo vệ mắt người dùng. Nghĩa là khi bật chế độ này máy sẽ tự động lọc ánh sáng xanh gây hại cho mắt, mang lại cảm giác dịu nhẹ kể cả khi nhìn vào màn hình suốt thời gian dài. Chế độ này đã được chứng nhận bởi TUV Rheinland và chắc chắn an toàn tuyệt đối với mắt. Vậy nên bạn có thể thoải mái sử dụng chiếc smartphone của mình kể cả trong bóng tối.<br>'),
(60, '8 GB', '128 GB', 6.26, 'Hisilicon Kirin 980 8 nhân 64-bit', 'Chính 48 MP & Phụ 16 MP, 2 MP, 2 MP', '3750 mAh', 19, 'images/huawei/ss23.1.jpg', 'images/huawei/ss23.2.jpg', 'images/huawei/ss23.3.jpg', '<h2>Mua điện thoại chính hãng, giá rẻ tại Smartphone 24h </h2>\r\n					<br>\r\n					Mặc dù chỉ mới được ra mắt đợt tháng 9/2019 nhưng Huawei Nova 5T đã tạo nên cơn sốt trên thị trường. Với thiết kế sang trọng, chip Kirin 980 8 nhân mạnh mẽ, sản phẩm này thực sự đáng để bạn sở hữu.</br>\r\n\r\n<h3> Thiết kế hiện đại, màn hình IPS LCD tràn viền độc đáo</h3>\r\n					<img style=\"    margin-left: 100px; width: 620px; height: 360px;\" src=\"images/huawei/ss23.4.jpg\" with=\"100%\" ><br>\r\n					<br>\r\n					Huawei Nova 5T được làm từ kim loại cao cấp kết hợp với hiệu ứng gradient đẹp mắt. Đây là hiệu ứng chuyển màu xảy ra khi bạn nghiêng máy ở các góc nhìn khác nhau. Phần viền máy cong tròn mềm mại giúp cầm nắm dễ dàng trong lòng bàn tay. Huawei Nova 5T chính hãng có 3 màu xanh, tím, đen sang trọng, đẳng cấp, phù hợp với sở thích người dùng.\r\n\r\nSản phẩm sở hữu màn hình IPS LCD kích thước 6.26 inch. Cùng với đó là độ phân giải Full HD mang đến những hình ảnh tươi sáng, sắc nét, màu sắc đúng chuẩn. Vì có tới 16,7 triệu điểm màu, 96% độ bão hòa màu nên chiếc điện thoại này hiện đang là một trong những thiết bị có màn hình đẹp nhất. Đặc biệt thay cho thiết kế tai thỏ, giọt nước là thiết kế tràn viền. Huawei vẫn để camera phía trước màn hình nhưng lại nằm ở góc trái. Nhờ đó người dùng sẽ có những bức ảnh với góc chụp tự nhiên hơn.\r\n					<br><br>\r\n					<h3>Bộ 4 camera siêu ấn tượng, có độ phân giải cao</h3>\r\n					<img style=\"margin-left: 100px;width: 620px;height: 360px;\" src=\"images/huawei/ss23.5.jpg\" with=\"100%\">\r\n					<br><br>\r\n					Huawei Nova 5T sở hữu tới 4 camera đẳng cấp, ấn tượng. Một camera chính 48 MB, khẩu độ f/1.8 với khả năng tự động lấy nét chuyên nghiệp. Một camera góc rộng 16 MP, khẩu độ f/2.2 giúp bắt trọn mọi khoảnh khắc. Còn lại là camera cảm biến độ sâu 2 MP f/2.4 và camera macro 2 MP f/2.4. Bên cạnh đó, máy còn được tích hợp cảm biến AI nhằm tăng khả năng chống rung, hiệu ứng đặc sắc, làm video đẹp hơn...Bạn sẽ có thể tạo ra những bức ảnh, thước phim vô cùng sống động.\r\n\r\nCamera selfie trên màn hình có độ phân giải 32 MP. Nhờ đó hình ảnh selfie của bạn sẽ đẹp hơn, chuyên nghiệp hơn. Đặc biệt nếu chụp trong điều kiện thiếu sáng, chế độ Super Night cùng thuật toán Light Fushion 4 trong 1 sẽ tăng khả năng thu hút ánh sáng, khử độ nhiễu để tránh bị mờ ảnh. Các hiệu ứng dễ thương cũng được tích hợp trên máy để bạn dễ dàng tạo ra bức hình đáng yêu, trẻ trung.<br>'),
(61, '4GB', '128 GB', 6.59, 'HiSilicon Kirin 710F 8 nhân', 'Chính 16 MP & Phụ 8 MP, 2 MP', '4000 mAh', 20, 'images/huawei/ss24.1.jpg', 'images/huawei/ss24.2.jpg', 'images/huawei/ss24.3.jpg', '<h2>Mua điện thoại chính hãng, giá rẻ tại Smartphone 24h </h2>\r\n					<br>\r\n					Đặc điểm nổi bật của Huawei Y9 Prime (2019)\r\n\r\nTìm hiểu thêm\r\nBộ sản phẩm chuẩn: Hộp, Sạc, Tai nghe, Sách hướng dẫn, Cáp, Cây lấy sim, Ốp lưng\r\n\r\nHuawei Y9 Prime (2019) là phiên bản kế nhiệm của chiếc Y9 Prime (2018) đã ra mắt năm ngoái và cũng là chiếc điện thoại đầu tiên của Huawei được trang bị công nghệ camera trượt và màn hình tràn viền ra bốn cạnh.</br>\r\n\r\n<h3> Thiết kế tràn viền đúng nghĩa</h3>\r\n					<img style=\"    margin-left: 100px; width: 620px; height: 360px;\" src=\"images/huawei/ss24.4.jpg\" with=\"100%\" ><br>\r\n					<br>\r\n					Gần đây thì xu thế làm smartphone \"tai thỏ\" hay \"giọt nước\" đã không còn được yêu thích như trước mà thay vào đó là màn hình tràn viền đúng nghĩa.\r\n					<br><br>\r\n					<h3>Camera \"thoắt ẩn thoắt hiện\"\r\n</h3>\r\n					<img style=\"margin-left: 100px;width: 620px;height: 360px;\" src=\"images/huawei/ss24.5.jpg\" with=\"100%\">\r\n					<br><br>\r\nĐiểm nhấn trên Huawei Y9 Prime (2019) chính là cụm camera trước đó là khả năng “thò thụt” giúp chiếc máy trông cực ngầu và hiện đại.\r\nỐng kính được trang bị trên cụm camera trước là 16 MP cho phép người dùng ghi lại những khoảnh khắc rất chân thật.<br>'),
(62, '6GB', '64GB', 6.5, 'Snapdragon 675 8 nhân', 'Camera chính 48MP Camera góc siêu rộng 8MP Camera ', '5000 mAh', 21, 'images/vsmart/ss25.1.jpg', 'images/vsmart/ss25.2.jpg', 'images/vsmart/ss25.3.jpg', '<h2>Mua điện thoại chính hãng, giá rẻ tại Smartphone 24h </h2>\r\n					<br>\r\n					Vsmart là dòng điện thoại thông minh thuộc phân khúc giá rẻ được sản xuất bởi tập đoàn Vingroup. Và mới đây, Vsmart Live 4 đã chính thức được ra mắt với nhiều tính năng hiện đại cùng nhiều cải tiến hơn so với người tiền nhiệm, tự hào là chiếc điện thoại đầu tiên đánh dấu bước tự chủ từ khâu thiết kế cho tới phần cứng, hệ điều hành và sản xuất đều 100% do VinSmart đảm nhiệm.</br>\r\n\r\n<h3> Màn hình “đục lỗ” thời thượng, bắt kịp xu thế</h3>\r\n					<img style=\"    margin-left: 100px; width: 620px; height: 360px;\" src=\"images/vsmart/ss25.4.jpg\" with=\"100%\" ><br>\r\n					<br>\r\n					Vsmart Live 4 sở hữu một màn hình tràn viền dạng “đục lỗ” với kích thước 6.5 inch. Hãng đã bắt kịp xu hướng hiện nay khi đã sản xuất ra một thiết bị có thiết kế màn hình gần như đã đạt tới sự hoàn hảo. Với màn hình “đục lỗ” tràn viền này, bạn sẽ có thể thoải mái thao tác chỉ bằng một tay mà không lo bị giới hạn. Độ phân giải Full HD+ kết hợp cùng tấm nền LTPS LCD cao cấp sẽ mang tới cho người dùng những trải nghiệm hình ảnh sắc nét nhất.\r\n\r\nMặt lưng sau của máy tuy chỉ được hoàn thiện từ nhựa nhưng điều đó cũng không làm mất đi vẻ đẹp hiện đại và sang trọng của máy. Phần mặt lưng được bo cong về hai bên mềm mại, mang tới cảm giác cấm nắm vô cùng chắc chắn. Thiết kế này càng làm tăng thêm vẻ đẹp sang trọng của sản phẩm.\r\n					<br><br>\r\n					<h3>Khả năng nhiếp ảnh chuyên nghiệp với bộ 4 camera 48MP</h3>\r\n					<img style=\"margin-left: 100px;width: 620px;height: 360px;\" src=\"images/vsmart/ss25.5.jpg\" with=\"100%\">\r\n					<br><br>\r\n					Mặc dù chỉ là một chiếc điện thoại chỉ thuộc phân khúc giá rẻ nhưng Vsmart Live 4 vẫn được trang bị tới 4 camera sau. Trong đó có camera chính độ phân giải 48MP khẩu độ f/1.79 siêu chụp đêm; camera góc siêu rộng 119 độ 8MP f/2.2, camera xóa phông chuyên nghiệp 5MP và cuối cùng là một camera Macro 2MP. Camera Macro cũng là điểm cải tiến lớn của Vsmart Live 4 so với mẫu Live thế hệ đầu. Ngoài ra còn vô vàn những tính năng thú vị khác như HDR, làm đẹp bằng AI, chế độ chụp chuyên nghiệp mới, chế độ Timelapse, quay phim Slow-Motion và quay phim chân dung hoàn toàn mới. Bộ 4 camera này chắc chắn sẽ mang tới cho người dùng những bức hình lung linh và ưng ý nhất.\r\n\r\nCamera selfie của máy được đặt trong phần “đục lỗ” ở phía mặt trước, độ phân giải 13MP, hỗ trợ quay video với độ phân giải lên tới 4K@30fps.<br>'),
(63, '6GB', '64GB', 6.39, 'MediaTek Helio P60 8 nhân', 'Chính 48 MP & Phụ 8 MP, 2 MP', '4020 mAh', 22, 'images/vsmart/ss26.1.jpg', 'images/vsmart/ss26.2.jpg', 'images/vsmart/ss26.3.jpg', '<h2>Mua điện thoại chính hãng, giá rẻ tại Smartphone 24h </h2>\r\n					<br>\r\n					Vsmart là điện thoại thông minh thuộc phân khúc giá rẻ được sản xuất bởi tập đoàn Vingroup. Mới đây, Vsmart Active 3 đã ra mắt với nhiều tính năng hiện đại, cấu hình cao hơn thế hệ trước.</br>\r\n\r\n<h3> Màn hình tràn viền cùng mặt lưng kính cao cấp\r\n</h3>\r\n					<img style=\"    margin-left: 100px; width: 620px; height: 360px;\" src=\"images/vsmart/ss26.4.jpg\" with=\"100%\" ><br>\r\n					<br>\r\n					Vsmart Active 3 sở hữu màn hình tràn viền với kích thước 6.39 inch. Hãng đã bắt kịp xu hướng hiện nay khi sản xuất ra thiết bị có thiết kế màn hình hoàn hảo 100%. Tỉ lệ màn hình lên tới 19.5:9 và không có camera hình giọt nước hay đục lỗ phía trước. Như vậy bạn sẽ thoải mái thao tác một tay mà không lo bị giới hạn bởi phần không tràn viền. Độ phân Full HD+ 2340 x 1080 sẽ mang đến hình ảnh hiển thị sắc nét.\r\n\r\nMặt lưng còn có hiệu ứng chuyển màu độc đáo, đẹp mắt. Thiết kế này càng làm tăng thêm vẻ sang trọng cho sản phẩm.\r\n					<br><br>\r\n					<h3>Bộ ba camera sau kết hợp với camera selfie “thò thụt”</h3>\r\n					<img style=\"margin-left: 100px;width: 620px;height: 360px;\" src=\"images/vsmart/ss26.5.jpg\" with=\"100%\">\r\n					<br><br>\r\n					Mặc dù là điện thoại thuộc phân khúc giá rẻ nhưng Vsmart Active 3 vẫn được trang bị tới ba camera sau. Trong đó có camera chính 48 MP f/1.79; camera góc siêu rộng 118.8 độ 8 MP f/2.2 và camera xóa phông chuyên nghiệp 2 MP. Bộ ba camera này chắc chắn sẽ mang đến những bức hình lung linh cho bạn. Đặc biệt khả năng chụp ảnh trong đêm tối của máy cũng rất ấn tượng.\r\n\r\nCamera selfie của Active 3 được thiết kế kiểu pop-up “thò thụt” với độ phân giải lên tới 16 MP. Ngay khi bạn chuyển sang chế độ selfie thì camera sẽ tự động đưa lên trên một cách linh hoạt, nhanh chóng. Bên cạnh đó, Vsmart Active 3 cũng có chế độ mở khóa bằng vân tay cực an toàn, tiện dụng.<br>'),
(64, '4GB', '64GB', 6.39, 'MediaTek Helio P60 8 nhân', 'Chính 48 MP & Phụ 8 MP, 2 MP', '4020 mAh', 23, 'images/vsmart/ss27.1.jpg', 'images/vsmart/ss27.2.jpg', 'images/vsmart/ss27.3.jpg', '<h2>Mua điện thoại chính hãng, giá rẻ tại Smartphone 24h </h2>\r\n					<br>\r\n					Vào tháng 1/2020, Vsmart cho ra mắt Vsmart Active 3 4GB/64GB - điện thoại thuộc phân khúc tầm trung nhưng sở hữu những công nghệ vô cùng hiện đại. Điểm đặc biệt của chiếc điện thoại này nằm ở cụm camera sau chuyên nghiệp, cho phép người dùng thoả sức sáng tạo, ghi lại những khoảnh khắc đẹp.</br>\r\n\r\n<h3> Mặt lưng cá tính với vỏ kính hiệu ứng gradient</h3>\r\n					<img style=\"    margin-left: 100px; width: 620px; height: 360px;\" src=\"images/vsmart/ss27.4.jpg\" with=\"100%\" ><br>\r\n					<br>\r\n					Active 3 được ra mắt với 4 phiên bản màu thịnh hành: Xanh lục bảo, Xanh sapphire, Đen thạch anh và Tím ngọc. Thiết kế cong nhẹ và bo tròn các góc mềm mại.\r\n					<br><br>\r\n					<h3>Màn hình vượt chuẩn tầm nhìn</h3>\r\n					<img style=\"margin-left: 100px;width: 620px;height: 360px;\" src=\"images/vsmart/ss27.5.jpg\" with=\"100%\">\r\n					<br><br>\r\n					Kiểu thiết kế tràn viền kích thước 6.39 inch chiếm đến 92% kích thước máy, mang đến không gian nhìn cực rộng. \r\n\r\nMàn hình của Vsmart Active 3 sở hữu tấm nền AMOLED cho ra độ sáng và độ tương phản rất cao, đảm bảo hình ảnh hiển thị đã mắt và rõ ràng, độ tương phản lẫn màu sắc được tái hiện tốt nhất.<br>'),
(65, '8 GB', '128 GB', 6.39, 'Snapdragon 730 8 nhân, Tốc độc CPU: 2 nhân 2.208 G', 'Camera chính 64MP Camera góc siêu rộng 8MP Camera ', '4000 mAh, Sạc nhanh QC 3.0 9V/2A, 18W', 24, 'images/vsmart/ss28.1.jpg', 'images/vsmart/ss28.2.jpg', 'images/vsmart/ss28.3.jpg', '<h2>Mua điện thoại chính hãng, giá rẻ tại Smartphone 24h </h2>\r\n					<br>\r\n					Được trang bị một cấu hình mạnh mẽ đi cùng với công nghệ camera ẩn dưới màn hình ấn tượng, Vsmart Aris Pro hứa hẹn sẽ là chiếc điện thoại “bom tấn” tại thị trường di động Việt cuối năm nay, mang tới những trải nghiệm khác lạ và độc đáo nhất tới cho người dùng</br>\r\n\r\n<h3> Thiết kế sang trọng, màn hình sắc nét</h3>\r\n					<img style=\"    margin-left: 100px; width: 620px; height: 360px;\" src=\"images/vsmart/ss28.4.jpg\" with=\"100%\" ><br>\r\n					<br>\r\n					Vsmart Aris Pro mang một thiết kế tổng thể không có quá nhiều sự khác biệt so với người anh em Aris của mình. Máy cũng được hoàn thiện từ một bộ khung kim loại chắc chắn và bền bỉ, mặt lưng được làm từ kính được phủ một lớp sơn mờ, bo cong nhẹ nhàng về hai bên cùng một logo Vsmart nổi bật nằm ở chính giữa. Cảm biến vân tay được tích hợp thẳng vào phím nguồn ở bên phía cạnh phải. Loại cảm biến vân tay này sẽ có ưu điểm và lợi thế hơn so với cảm biến vân tay quang học trong màn hình về độ chính xác và tốc độ mở khóa.\r\n					<br><br>\r\n					<h3>Hiệu năng mạnh mẽ cùng Snapdragon 730</h3>\r\n					<img style=\"margin-left: 100px;width: 620px;height: 360px;\" src=\"images/vsmart/ss28.5.jpg\" with=\"100%\">\r\n					<br><br>\r\n					Kết hợp với bộ vi xử lý này là thanh RAM 8GB cùng với bộ nhớ trong 128GB, giúp khả năng đa nhiệm cũng như lưu trữ dữ liệu của người dùng đuọc mượt mà và thoải mái hơn rất nhiều mà không cần phải lắp thêm thẻ nhớ microSD rời. Vsmart Aris Pro chắc chắn sẽ được cài đặt giao diện VOS 3.0 mới nhất được tùy biến trên nền hệ điều hành Android 10. Không chỉ vậy, cung cấp năng lượng cho Vsmart Aris Pro là một viên pin với dung lượng 4000mAh, kết hợp với khả năng sạc nhanh Quick Charge 3.0 công suất 18W, đảm bảo chắc chắn rằng người dùng sẽ có thể sử dụng máy trong một ngày dài mà không cần phải lo lắng về việc máy bị cạn năng lượng<br>'),
(66, '2GB', '16GB', 6, 'MediaTek MT6739WW 4 nhân', '8 MP', '3000mAh', 25, 'images/vsmart/ss29.1.jpg', 'images/vsmart/ss29.2.jpg', 'images/vsmart/ss29.3.jpg', '<h2>Mua điện thoại chính hãng, giá rẻ tại Smartphone 24h </h2>\r\n					<br>\r\n					Vsmart Bee 3 là một chiếc smartphone với mức giá siêu rẻ được ra đời để phục vụ người dùng. Máy sở hữu hiệu năng đủ dùng cùng camera chất lượng tốt, màn hình lớn thoải mái và hệ điều hành VOS được tối ưu dành riêng cho người Việt.</br>\r\n\r\n<h3> Màn hình rộng rãi lên đến 6 inch</h3>\r\n					<img style=\"    margin-left: 100px; width: 620px; height: 360px;\" src=\"images/vsmart/ss29.4.jpg\" with=\"100%\" ><br>\r\n					<br>\r\n					Độ phân giải ở mức HD+, vừa đủ sắc nét và cũng giúp thiết bị tiết kiệm pin đáng kể so với những màn hình có độ phân giải cao hơn.\r\n\r\nCông nghệ màn hình IPS cho góc nhìn siêu rộng, người dùng không cần phải nhìn trực diện vẫn có thể trải nghiệm hết chất lượng hình ảnh tốt nhất.\r\n					<br><br>\r\n					<h3>Camera sắc nét trong tầm giá</h3>\r\n					<img style=\"margin-left: 100px;width: 620px;height: 360px;\" src=\"images/vsmart/ss29.5.jpg\" with=\"100%\">\r\n					<br><br>\r\n					Vsmart Bee 3 với độ phân giải 8 MP cho camera sau giúp hình ảnh sắc nét. Máy có khả năng tự động lấy nét nhanh đặc biệt là ở điều kiện đủ ánh sáng. Máy hỗ trợ quay phim với độ phân giải Full HD.<br>'),
(67, '4GB', '64GB', 6.5, 'Snapdragon 632 8 nhân', 'Chính 13 MP & Phụ 8 MP, 2 MP', '5000 mAh, Quick Charge 3.0', 26, 'images/vsmart/ss30.1.jpg', 'images/vsmart/ss30.2.jpg', '', '<h2>Mua điện thoại chính hãng, giá rẻ tại Smartphone 24h </h2>\r\n					<br>\r\n					Với một thiết kế hiện đại, Vsmart Joy 3 gây ấn tượng với người dùng ngay từ cái nhìn đầu tiên. Sản phẩm này đã được nâng cấp cả về hiệu năng và pin so với thế hệ trước.</br>\r\n\r\n<h3> Thiết kế màn hình giọt nước HD +</h3>\r\n					<img style=\"    margin-left: 100px; width: 620px; height: 360px;\" src=\"images/samsung/ss30.3.jpg\" with=\"100%\" ><br>\r\n					<br>\r\n					Vsmart Joy 3 vẫn sở hữu màn hình giọt nước quen thuộc. Thế nhưng với thiết kế tràn viền, các thao tác của bạn không còn bị giới hạn bởi các cạnh nữa. Viền màn hình được chế tác cong 2.5D tạo cảm giác liền mạch, dễ thao tác. Bên cạnh đó, mặt lưng của máy cũng có các góc bo tròn mềm mại, mang tính thẩm mỹ cao. Hiệu ứng chuyển màu độc đáo là một điểm hấp dẫn của sản phẩm này.\r\n\r\nVới kích thước siêu khủng lên tới 6.5 inch, màn hình Vsmart Joy 3 mang đến cho bạn những hình ảnh vô cùng sống động, chân thực. Mặc dù có màn hình lớn nhưng kích thước của sản phẩm này lại khá nhỏ gọn. Tấm nền IPS LCD cùng độ phân giải HD + sẽ giúp tăng độ sáng và độ tương phản khi sử dụng. Bạn chắc chắn sẽ có những giây phút giải trí tuyệt vời khi trải nghiệm Vsmart Joy 3.\r\n					<br><br>\r\n					<h3>Bộ 3 camera sắc nét cùng camera selfie phong cách</h3>\r\n					<img style=\"margin-left: 100px;width: 620px;height: 360px;\" src=\"images/samsung/ss30.4.jpg\" with=\"100%\">\r\n					<br><br>\r\n					Vsmart Joy 3 được trang bị tới ba camera sau cực kỳ chuyên nghiệp. Ấn tượng nhất là camera chính 13 MP với khả năng chụp ảnh sắc nét trong điều kiện đủ ánh sáng. Kể cả trong điều kiện thiếu ánh sáng thì camera này vẫn mang đến những bức ảnh đầy tính nghệ thuật nhờ công nghệ nhận diện AI. Bên cạnh đó, máy còn có camera góc siêu rộng 8 MP. Nó có góc chụp lên tới 120 độ, rộng gấp đôi so với camera thông thường. Cuối cùng là camera mono với độ phân giải 2 MP.\r\n\r\nBộ ba camera cho phép bạn thoải mái sáng tạo, lưu giữ những khoảnh khắc đẹp nhất. Chế độ xóa phông sẽ giúp làm mờ nền một cách ảo diệu đồng thời làm nổi bật chủ thể chính. Ngoài ra, máy còn có một camera selfie 8 MP ở mặt trước. Camera này không chỉ chụp ảnh sắc nét mà còn tự làm đẹp bằng các chế độ xóa khuyết điểm, làm mịn da, xóa phông.<br>');
INSERT INTO `product_detail` (`id`, `ram`, `rom`, `screen`, `CPU`, `camera`, `pin`, `id_product`, `image1`, `image2`, `image3`, `detail`) VALUES
(68, '4GB', '64GB', 6.53, 'Snapdragon 665 8 nhân', 'Camera chính 16MP Camera góc rộng 8MP Camera xóa p', '5000 mAh, 18W, Sạc nhanh QC 3.0 3A', 27, 'images/vsmart/ss31.1.jpg', 'images/vsmart/ss31.2.jpg', 'images/vsmart/ss31.3.jpg', '<h2>Mua điện thoại chính hãng, giá rẻ tại Smartphone 24h </h2>\r\n					<br>\r\n					Là mẫu smartphone nối tiếp sự thành công trước đó của Vsmart Joy 3, Vsmart Joy 4 mang trong mình nhiều nâng cấp và cải tiển đáng giá về phần cứng trong khi vẫn giữ được mức giá hợp lý, giúp cho Vsmart tiếp tục khẳng định vị thể của hãng trong lòng người dùng Việt.</br>\r\n\r\n<h3> Thiết kế hiện đại, bắt kịp xu thế</h3>\r\n					<img style=\"    margin-left: 100px; width: 620px; height: 360px;\" src=\"images/vsmart/ss31.4.jpg\" with=\"100%\" ><br>\r\n					<br>\r\n					Vsmart Joy 4 mang trên mình một triết lý thiết kế khác biệt hẳn so với Joy 3, đặc biệt là về phần màn hình. Thay vì màn hình giọt nước, màn hình của Vsmart Joy 4 giờ đây đã được chuyển sang dạng “nốt ruồi”, xu hướng những mẫu smartphone của năm 2020. Phía mặt lưng tuy vẫn chỉ được hoàn thiện từ nhựa nhưng 2 phần cạnh bên của máy lại được bo cong theo dạng 3D mềm mại tạo cảm giác cầm nắm rất tốt, cùng với việc khi người dùng bỏ máy vào trong túi quần sẽ không tạo cảm giác bị cấn hoặc khó chịu.\r\n					<br><br>\r\n					<h3>Hiệu năng mượt mà với Snapdragon 665</h3>\r\n					<img style=\"margin-left: 100px;width: 620px;height: 360px;\" src=\"images/vsmart/ss31.5.jpg\" with=\"100%\">\r\n					<br><br>\r\n					Không chỉ thay đổi về diện mạo bên ngoài mà bên trong Vsmart Joy 4 cũng được nâng cấp đáng kể so với Vsmart Joy 3. Theo đó, máy được hãng trang bị bộ vi xử lý mạnh mẽ Qualcomm Snapdragon 665, cho hiệu năng tốt và vượt trội hơn so với vi xử lý Snapdragon 632 của Joy 3. Bộ vi xử lý này cũng được trang bị cả trí tuệ thông minh nhân tạo AI giúp cho máy xử lý các tác vụ hàng ngày ổn định và mượt mà hơn.<br>'),
(69, '6GB', '64GB', 6.39, 'Snapdragon 730 8 nhân', 'Camera chính 64MP Camera góc siêu rộng 8MP Camera ', '4000 mAh, Sạc nhanh QC 3.0 9V/2A, 18W', 28, 'images/vsmart/ss32.1.jpg', 'images/vsmart/ss32.2.jpg', 'images/vsmart/ss32.3.jpg', '<h2>Mua điện thoại chính hãng, giá rẻ tại Smartphone 24h </h2>\r\n					<br>\r\n					Là mẫu smartphone ra đời bởi sự hợp tác giữa Vinsmart và Qualcomm, Vsmart Aris mang trong mình nhiều cải tiến cũng như thiết kế bên ngoài có phần mới mẻ hơn so với các thế hệ tiền nhiệm trước đây. Đặc biệt, Vsmart Aris còn sở hữu nhiều tính năng cực kì ấn tượng mà nổi bật trong đó chính là khả năng bảo mật lượng tử.</br>\r\n\r\n<h3>Khung kim loại bền bỉ, mặt lưng kính sang trọng</h3>\r\n					<img style=\"    margin-left: 100px; width: 620px; height: 360px;\" src=\"images/vsmart/ss32.4.jpg\" with=\"100%\" ><br>\r\n					<br>\r\n					Điểm khác biệt đầu tiên của Vsmart Aris so với các thế hệ tiền nhiệm trước đây như Vsmart Live hay Active 3 đó chính là vật liệu cấu thành nên sản phẩm. Toàn bộ phần khung của Vsmart Aris được gia cố bằng khung kim loại chắc chắn, bền bỉ chứ không còn là khung viền bằng nhựa nữa. Mặt mặt lưng cũng không còn là một tấm nhựa Polycarbonat như trước đây mà thay vào đó là một tấm kính sang trọng, được phủ một lớp sơn mờ. Kiểu thiết kế này chúng ta đã thấy trên rất nhiều những dòng sản phẩm cao cấp của Apple hoặc Samsung.\r\n					<br><br>\r\n					<h3>ụm 4 camera 64MP nhiếp ảnh chuyên nghiệp</h3>\r\n					<img style=\"margin-left: 100px;width: 620px;height: 360px;\" src=\"images/vsmart/ss32.5.jpg\" with=\"100%\">\r\n					<br><br>\r\n					Không chỉ có vẻ bề ngoài sang trọng và hấp dẫn, Vsmart Aris cũng sở hữu một hệ thống camera cực kì chuyên nghiệp. Cụm camera với 4 ống kính của máy được xếp ngay ngắn trong một mô đun hình vuông và ngay ở bên dưới sẽ là đèn flash LED trợ sáng. Camera chính có độ phân giải lớn lên tới 64MP, những ống kính phụ còn lại sẽ bao gồm một camera góc siêu rộng 8MP, một camera tele 8MP và cuối cùng là một camera hỗ trợ chụp macro 2MP. Vsmart Aris cũng sẽ hỗ trợ người dùng quay video 4K@30fps một cách dễ dàng cùng chế độ chụp ảnh chuyên nghiệp dành cho những người dùng thực sự có niềm đam mê chụp ảnh.<br>'),
(70, '4GB', '64GB', 6.3, 'Qualcomm Snapdragon 665 8 nhân', 'Chính 48 MP & Phụ 8 MP, 2 MP, 2 MP', '4000 mAh', 29, 'images/xiaomi/xi-redmi1 note8.jpg', 'images/xiaomi/xi-redmi2note8.jpg', '', '<h2>Mua điện thoại  Xiaomi Redmi Note 8  chính hãng, giá rẻ tại Smartphone 24h </h2>\r\nXiaomi Redmi Note 8 đã gây ấn tượng mạnh với thiết kế màn hình “giọt nước” cùng hệ thống 4 camera sắc nét. Đây là chiếc điện thoại mới nhất của Xiaomi bên cạnh Xiaomi Redmi Note 8 Pro.					<br><br>\r\n<h3>Thiết kế mặt lưng bóng bẩy, hấp dẫn\r\n</h3>							<img style=\"    margin-left: 100px; width: 620px; height: 360px;\" src=\"images/xiaomi/detail-xi.jpg\" with=\"100%\" ><br><br>\r\nXiaomi Redmi Note 8 chính hãng có thiết kế nguyên khối, đẹp mắt. Mặt lưng được làm cong 2.5D tạo cảm giác chắc chắn khi cầm trên tay. Xiaomi đã phủ một lớp kính Corning Gorilla Glass 5 lên trên bề mặt giúp đảm bảo độ bền. Các góc bo xung quanh càng làm tăng thêm tính thẩm mỹ cho sản phẩm. Redmi Note 8 cũng được trang bị hiệu ứng Gradient, một trào lưu trong thiết kế smartphone hiện nay. Nhờ hiệu ứng này, bạn có thể nhìn thấy màu sắc thay đổi ở các góc nhìn khác nhau.					<br><br>					<h3>Dung lượng pin 4000 mAh kết hợp với sạc nhanh 18W XR</h3>					<img style=\"margin-left: 100px;width: 620px;height: 360px;\" src=\"images/xiaomi/detail-xi1.jpg\" with=\"100%\">					<br><br>\r\nSở hữu viên pin có dung lượng khủng 4000 mAh, Xiaomi Redmi Note 8 cho phép bạn sử dụng thoải mái cả ngày dài. Theo như công bố của nhà sản xuất thì chiếc điện thoại này sẽ có thời gian chờ 251 giờ, gọi điện liên tục trong 23 giờ, xem video liên tục trong 13 giờ và chơi game trong 7 giờ. Xiaomi cũng đã trang bị khả năng sạc nhanh lên tới 18W cho Redmi Note 8. Để sạc 70% pin, bạn chỉ mất có 30 phút. Điều này giúp tiết kiệm thời gian đáng kể.\r\n					'),
(71, '3GB', '32GB', 6.3, 'Qualcomm Snapdragon 665 8 nhân', 'Chính 48 MP & Phụ 8 MP, 2 MP, 2 MP', '4000 mAh', 30, 'images/xiaomi/xi-redmi2note8.jpg', 'images/xiaomi/xi-redmi1 note8.jpg', '', '<h2>Mua điện thoại Xiaomi Redmi Note 8 chính hãng, giá rẻ tại Smartphone 24h </h2>					\r\nNhư các bạn đã biết, điện thoại Redmi Note 8 nói riêng và điện thoại Xiaomi nói chung đều được hãng sản xuất tại Trung Quốc và được phân phối chính hãng bởi hãng DigiWorld tới các thị trường khác nhau. Mặt khác, các sản phẩm được thương gia nhập trực tiếp tại Trung Quốc và đem bán tại các quốc gia được gọi là hàng xách tay. Về chất lượng, hàng chính hãng DGW luôn có sự đảm bảo và chính sách bảo hành tốt hơn, được đa phần khách hàng tin cậy.  Redmi Note 8 3GB/32GB cũng là một trong những sản phẩm đang bán chạy và đạt được doanh số bán hàng khủng. Về đặc điểm nổi bật chính, Redmi Note 8 3GB/32GB được trang bị pin 4000mAh, công nghệ sạc nhanh 18W, 4 camera sau...					\r\n<br><br>					<img style=\"    margin-left: 100px; width: 620px; height: 360px;\" src=\"images/xiaomi/xi-redmi2 note8.jpg\" with=\"100%\" ><br><br>\r\n<h3>Redmi Note 8 3GB/32GB với 4 camera sau chất lượng cao</h3><br><br>\r\n<img style=\"margin-left: 100px;width: 620px;height: 360px;\" src=\"images/xiaomi/detail-xi2.jpg\" with=\"100%\">					<br><br>\r\nMột trong những ưu điểm nổi bật của Redmi Note 8 đó là được trang bị bộ 4 camera phía sau vô cùng đẳng cấp trong tầm giá. Nó được hãng sắp xếp và đặt ở góc trên cùng bên trái mặt sau điện thoại. Bộ 4 camera này bao gồm 1 camera chính 48MP, 1 camera góc rộng 8MP, 1 camera cảm biến sâu 2MP và 1 camera macro 2MP. Chưa hết, bộ camera này còn được bổ sung thêm 2 đèn LED cùng công nghệ pixel-binning giúp điện thoại có thể chụp ảnh chất lượng tốt trong điều kiện thiếu sáng. Khả năng quay video chất lượng 4K, chụp ảnh xóa phông thời thượng cũng được Redmi Note 8 thể hiện rất tốt. Cuối cùng, Xiaomi đã trang bị thêm các tính năng làm đẹp bao gồm AI, Beauty, Sticker vô cùng hấp dẫn ở camera selfie của mình. Nhờ vậy, Redmi Note 8 được giới trẻ rất yêu thích.					'),
(72, '8GB', '256GB', 6.47, 'Snapdragon 730 8 nhân', 'Chính 108 MP & Phụ 20 MP, 12 MP, 5 MP, 2 MP', '5260 mAh', 31, 'images/xiaomi/xi-mi note10pro1.jpg', 'images/xiaomi/xi-mi note10pro2.jpg', 'images/xiaomi/xi-mi note10pro3.jpg', '<h2>Mua điện thoại Xiaomi Mi Note 10 Pro chính hãng, giá rẻ tại Smartphone 24h </h2>\r\nXiaomi Mi Note 10 Pro được coi là siêu phẩm với bộ 5 camera cực độc đáo. Không những vậy, thiết kế màn hình tràn viền cùng vi xử lý Snapdragon 730G sẽ mang đến những trải nghiệm tuyệt vời cho bạn.					ủa Apple chuẩn bị ra mắt. Với nhg nổ thị trường công nghệ.\r\n<h3>Thiết kế đẳng cấp, màn hình cong 3D ấn tượng\r\n</h3><br>				<img style=\"margin-left: 100px; width: 620px; height: 360px;\" src=\"images/xiaomi/detail-xi10.jpg\" with=\"100%\">					<br>Mặc dù màn hình cong đã trở nên quen thuộc trên các sản phẩm cao cấp của Samsung. Thế nhưng thiết kế màn hình này vẫn sẽ mang đến trải nghiệm độc đáo, đã mắt, khác lạ cho người dùng Xiaomi. Điện thoại Mi Note 10 Pro được trang bị màn hình AMOLED Full HD+ nhằm mang đến những hình ảnh chân thực. Bên cạnh đó máy còn có chứng nhận TUV với khả năng giảm tác động xấu từ ánh sáng xanh tới mắt. Kích thước 6.47 inch cũng giúp bạn thoải mái xem phim, chơi game, lướt web.<br><br>\r\n<h3>Dung lượng pin khủng 5260 mAh cùng bảo mật vân tay cực an toàn</h3>\r\nXiaomi Mi Note 10 Pro được trang bị viên pin có dung lượng lên đến 5260 mAh. Nó sẽ đáp ứng nhu cầu sử dụng cả ngày dài, thậm chí lên tới 2 ngày. Xiaomi đã mang đến cho sản phẩm của mình sạc nhanh 30W. Nhờ đó, bạn chỉ mất 30 phút để sạc 58% pin và 1 giờ để sạc đầy 100% pin. Cảm biến vân tay của máy có vùng nhận diện lớn nên đảm bảo độ chính xác  cao. Còn với nhận diện khuôn mặt, bạn chỉ cần để thẳng máy trước mặt là sẽ mở khóa nhanh chóng.\r\n<br><br>\r\n<h3>Hệ thống 5 camera với cảm biến khủng 108 MP</h3>				<br>					<img style=\"margin-left: 100px;width: 620px;height: 360px;\" src=\"images/xiaomi/detail-xi note10.jpg\" with=\"100%\">\r\n<br>\r\nTrong sự kiện ra mắt Xiaomi Mi Note 10 Pro, điều gây ấn tượng mạnh nhất với người tiêu dùng chính là camera 108 MP. Đây là con số cực khủng mà chưa có một chiếc smartphone nào sở hữu được. Cảm biến hình ảnh siêu chi tiết này lần đầu tiên được ứng dụng trên Xiaomi Mi Note 10 Pro và hứa hẹn sẽ đáp ứng mọi nhu cầu về nghệ thuật chụp ảnh. Độ phân giải 108 MP cùng chế độ Night Mode 2.0 sẽ giúp bạn sở hữu những bức ảnh đẹp kể cả trong điều kiện thiếu sáng.Bên cạnh đó, 4 camera còn lại cũng gây ấn tượng không kém. Máy có tới 2 camera zoom quang học.  Độ phân giải lớn cùng chế độ xóa phông, AI, HDR, làm đẹp sẽ giúp bạn có được những bức hình sắc nét đến từng chi tiết.	\r\n					'),
(73, '6GB', '128GB', 6.53, 'Mediatek Helio G90T 8 nhân', 'Chính 64 MP & Phụ 8 MP, 2 MP, 2 MP', '4500 mAh', 32, 'images/xiaomi/xi-redmi note8pro.jpg', '', '', '<h2>Mua điện thoại Xiaomi Redmi Note 8 Pro  chính hãng, giá rẻ tại Smartphone 24h </h2>\r\nXiaomi Redmi Note 8 Pro là sản phẩm tiếp theo được ra mắt bên cạnh Xiaomi Redmi Note 8. Chiếc điện thoại này hứa hẹn sẽ trở nên vô cùng “hot” với những nâng cấp, cải tiến đáng kinh ngạc.					<br>\r\n<h3>Thiết kế siêu mỏng, màn hình IPS sắc nét</h3>			\r\nXiaomi Redmi Note 8 Pro có thiết kế siêu mỏng chỉ 8.8mm và nặng 199g. Kích thước gọn nhẹ kết hợp cùng bộ khung kim loại nguyên khối giúp bạn dễ dàng bỏ chiếc smartphong này vào túi. Giống với Redmi Note 8, mặt lưng của Redmi Note 8 Pro cũng được phủ lớp kính Corning Gorilla Glass 5 phối màu grandient. Nhờ đó, chiếc điện thoại sẽ trở nên bóng bẩy, sang trọng hơn. Đặc biệt là có thêm khả năng thay đổi màu sắc ở các góc nhìn khác nhau. Hiện nay máy có các màu sắc đen, đỏ, xanh, trắng cho bạn thoải mái chọn lựa.					<img style=\"    margin-left: 100px; width: 620px; height: 360px;\" src=\"images/xiaomi/detail-xi note8.jpg\" with=\"100%\" ><br>\r\nRedmi Note 8 Pro sở hữu màn hình “giọt nước” kích thước 6.53 inch cho phép hiển thị các thông tin rõ ràng, đầy đủ hơn. Độ phân giải 1080 x 2340 pixels và mật độ điểm ảnh 395 ppi mang đến hình ảnh sống động, chân thực. Đặc biệt khi xem phim hoặc chơi game đồ họa cao, bạn sẽ thấy rất tuyệt vời. Màn hình cũng được trang bị kính cường lực Gorilla Glass 5 giúp tăng khả năng chống chịu gấp 4 lần.					<br>\r\n<h3>Viên pin 4500 mAh tích hợp sạc nhanh 18W</h3>					<br>										<img style=\"margin-left: 100px;width: 620px;height: 360px;\" src=\"images/xiaomi/detail-xi1 note8.jpg\" with=\"100%\">\r\n<br>					\r\nXiaomi đã trang bị cho chiếc smartphone của mình một viên pin có dung lượng khủng lên đến 4500 mAh. Theo công bố của hãng thì Redmi Note 8 Pro đã được chứng nhận 3C. Tức là máy vẫn còn 40% dung lượng pin sau 2 ngày sử dụng. Bên cạnh đó, sạc nhanh 18W cũng sẽ giúp rút ngắn thời gian chờ đáng kể.					'),
(74, '6GB', '64GB', 6.53, 'Mediatek Helio G90T 8 nhân', 'Chính 64 MP & Phụ 8 MP, 2 MP, 2 MP', '4500 mAh', 33, 'images/xiaomi/xi-redmin8pro.jpg', '', '', '<h2>Mua điện thoại Xiaomi Redmi Note 8 Pro chính hãng, giá rẻ tại Smartphone 24h </h2>\r\nXiaomi Redmi Note 8 Pro là sản phẩm tiếp theo được ra mắt bên cạnh Xiaomi Redmi Note 8. Chiếc điện thoại này hứa hẹn sẽ trở nên vô cùng “hot” với những nâng cấp, cải tiến đáng kinh ngạc.					<br>\r\n<h3>Camera có độ phân giải 64MP, sở hữu khả năng xóa phông ấn tượng</h3>					\r\nXiaomi Redmi Note 8 Pro chính hãng cũng có 4 camera như Redmi Note 8. Thế nhưng thay vì để ở góc bên trái thì chúng lại nằm ở giữa. Đây là một trong những chiếc smartphone đầu tiên trên thế giới sở hữu camera có độ phân giải 64MP. Đi cùng với đó là camera góc rộng 8MP, camera macro 2MP và camera cảm biến chiều sâu 2MP.					<img style=\"    margin-left: 100px; width: 620px; height: 360px;\" src=\"images/xiaomi/detail-xi3 note8.jpg\" with=\"100%\" ><br>\r\nHệ thống camera tích hợp đèn Dual-LED flash giúp chụp ảnh rõ nét ngay cả trong điều kiện thiếu sáng. Redmi Note 8 Pro còn hỗ trợ công nghệ ghép điểm ảnh, chụp ảnh xóa phông, quay video chất lượng 4K 2160p@30fps, chống rung điện tử. Ngoài ra, camera selfie 20MP cũng là một điểm cộng không thể không nhắc đến. Tính năng làm đẹp bằng AI sẽ giúp bạn có được những bức ảnh cực kỳ ấn tượng.					<br>					<h3>Hiệu năng mạnh mẽ,, giao diện thân thiện</h3>				<img style=\"margin-left: 100px;width: 620px;height: 360px;\" src=\"images/xiaomi/detail-xi4 note8.jpg\" with=\"100%\">					<br>\r\nXiaomi Redmi Note 8 Pro là chiếc smartphone đầu tiên sở hữu bộ vi xử lý Helio G90T, 8 nhân tốc độ 2.0 Ghz. Máy còn được trang bị công nghệ HyperEnergy của Media Tek và hỗ trợ gamepad giúp trải nghiệm chơi game mượt mà hơn. Khả năng dự đoán thông minh, kết nối đồng thời hai mạng Wifi sẽ mang đến đường truyền tốt nhất. Vì khi một đường truyền Wifi bất ngờ bị yếu đi thì máy sẽ tự kết nối đường truyền tốt hơn hoặc thay thế LTE dự phòng.Xiaomi còn trang bị thêm hệ thống tản nhiệt bằng chất lỏng, giảm hiện tượng nóng máy. Điện thoại có cảm biến vân tay ở mặt lưng giúp mở khóa nhanh hơn.					'),
(75, '6GB', '128GB', 6.67, 'Snapdragon 720G 8 nhân', 'Chính 64 MP & Phụ 8 MP, 5 MP, 2 MP', ' Sạc pin nhanh, 5020 mAh', 34, 'images/xiaomi/xi-redmi note9pro1.jpg', 'images/xiaomi/xi-redmi note9pro2.jpg', '', '<h2>Mua điện thoại Xiaomi Redmi Note 9 Pro chính hãng, giá rẻ tại Smartphone 24h </h2>\r\nNằm trong thế hệ Redmi Note 9 Series năm nay cùng với Redmi Note 9, Redmi Note 9 Pro xứng đáng là một sự lựa chọn không thể nào hoàn hảo hơn dành cho những ai đang muốn sở hữu cho mình một mẫu điện thoại tầm trung với dung lượng pin lớn cùng thiết kế sang trọng, khả năng nhiếp ảnh tốt.					<br>\r\n<h3>Thiết kế sang trọng với mặt lưng kính và màn hình Full HD+ sắc nét</h3>					\r\nXiaomi Redmi Note 9 Pro sở hữu một thiết kế nguyên khối với cả hai mặt trước và sau đều được trang bị một lớp kính cường lực Gorilla Glass 5 bền bỉ nhưng không kém phần bóng bẩy và sang trọng. Đặc biệt là phần mặt sau được vát cong 3D đem lại cảm giác cầm nắm rất tốt và bám tay.<br>					<img style=\"    margin-left: 100px; width: 620px; height: 360px;\" src=\"images/xiaomi/detail-xi note9.jpg\" with=\"100%\" ><br>\r\nRedmi Note 9 Pro được Xiaomi trang bị một màn hình được thiết kế theo dạng “nốt ruồi” với kích cỡ lên tới 6.67 inch siêu rộng, tỉ lệ khung hình theo chuẩn 20:9 mới. Thêm nữa, độ phân giải của Redmi Note 9 Pro cũng đạt chuẩn Full HD+ trên tấm nền IPS LCD mang lại một khả năng hiển thị sắc nét và cực kì sống động. Sự kết hợp giữa màn hình kích thước lớn, tấm nền xịn xò cùng độ phân giải cao, Redmi Note 9 Pro sẽ đáp ứng được đầy đủ các nhu cầu từ xem phim cho tới chơi game.										<br>\r\n					<h3>Khả năng nhiếp ảnh chuyên nghiệp với bộ 4 camera 64MP</h3>\r\nHệ thống camera của Redmi Note 9 Pro chính là điểm mang lại sự đặc biệt của chiếc máy này. Bộ 4 camera được thiết kế hài hòa cùng với đèn Flash LED trợ sáng, đặt trong một khung hình chữ nhật.ứ camera này, Redmi Note 9 Pro hoàn toàn có thừa khả năng để cho ra được những bức ảnh đẹp và xuất sắc cùng với những thước phim chất lượng cao nhờ khả năng quay video 4K.\r\n<h3>Hiệu năng đột phá với chip Snapdragon 720G cùng bộ nhớ trong 128GB</h3>\r\nĐược Xiaomi ưu ái trang bị cho con chip tầm trung mới nhất cua Qualcomm là Snapdragon 720G, Redmi Note 9 Pro hứa hẹn sẽ mang tới cho người dùng khả năng xử lý mạnh mẽ và sự ổn định cao nhất. Những tác vụ hàng ngày như nghe gọi, nhắn tin, lướt Facebook hay đến các tác vụ nặng đô như chơi game hay render video chắc chắn sẽ không thể làm khó được Redmi Note 9 Pro.\r\n<br>					<img style=\"margin-left: 100px;width: 620px;height: 360px;\" src=\"images/xiaomi/detail-xi1 note9.jpg\" with=\"100%\">					<br>\r\nĐi cùng với con chip Snapdragon 720G mới là dung lượng RAM 6GB và bộ nhớ trong 128GB, có hỗ trợ mở rộng thêm không gian lưu trữ lên đến 512GB qua khe cắm thẻ nhớ. RAM 6GB của Xiaomi Redmi Note 9 Pro thừa sức đáp ứng được các tác vụ đa nhiệm với tần suất lớn, còn với dung lượng 128GB, người dùng sẽ có thể thoải mái lưu trữ được toàn bộ những khoảnh khắc hàng ngày mà không cần phải đắn đo suy nghĩ nên giữ hoặc xóa ảnh nào.					'),
(76, '4GB', '64GB', 6.67, 'Snapdragon 720G 8 nhân', 'Chính 48 MP & Phụ 8 MP, 5 MP, 2 MP', 'Sạc pin nhanh, 5020 mAh', 35, 'images/xiaomi/xi-redmi note9pro2.jpg', 'images/xiaomi/xi-redmi 9s.jpg', 'images/xiaomi/xi-redmi 9s3.jpg', '<h2>Mua điện thoại Xiaomi Redmi Note 9s chính hãng, giá rẻ tại Smartphone 24h </h2>\r\nTạo nên cơn sốt ngay khi vừa ra mắt nhờ thiết kế màn hình đục lỗ, mô-đun camera lạ mắt, các viền màn hình siêu mỏng, hiệu năng và giá bán thì khô máu trong phân khúc.					<br>\r\n<h3>Hiệu năng cực chiến</h3>					\r\nChắc chắn rồi, lựa chọn smartphone của Xiaomi là bạn sẽ có một chiếc máy hiệu năng mạnh mẽ với giá bán không thể rẻ hơn trong phân khúc. Redmi Note 9s được trang bị vi xử lý Snapdragon 720G, RAM 4GB và 64GB dung lượng lưu trữ. Hai bộ nhớ này sử dụng chuẩn lưu trữ lần lượt là LPDDR4x và UFS 2.1 cho tốc độ đọc và ghi cao đảm bảo trải nghiệm sử dụng của bạn. Nếu thích thì bạn có thể mở rộng bộ nhớ bằng khe cắm thẻ nhớ microSD tối đa 256GB.<br>					<img style=\"    margin-left: 100px; width: 620px; height: 360px;\" src=\"images/xiaomi/detail-xi 9s.jpg\" with=\"100%\" ><br>\r\nNếu bạn chưa biết thì Snapdragon 720G là vi xử lý cận cao cấp thế hệ mới của Qualcomm, được thiết kế chuyên để xử lý các tựa game đồ hoạ cao và ứng dụng nặng. Với 8 nhân (2 nhân 2.3 Ghz hiệu năng cao và 6 nhân 1.8 Ghz tiết kiệm điện năng) thì bạn hoàn toàn có thể tin tưởng vào hiệu năng của máy. Lõi đồ hoạ Adreno 618 đủ khả năng để xử lý các hoạt ảnh ở mức tốt nhất mà bạn có thể nhận được.<br>\r\n<h3>Camera siêu đẹp,đa dạng</h3>\r\nRedmi Note 9s có thiết lập cụm bốn camera được đặt trong một mô-đun hình vuông khá bắt mắt, trong đó gồm một cảm biến chính 48MP, một ống kính góc siêu rộng 8MP (119 độ), một cảm biến độ sâu 2MP hỗ trợ chụp ảnh chân dung (xoá phông) và một camera macro 5MP chụp cận cảnh.									<br>					<img style=\"margin-left: 100px;width: 620px;height: 360px;\" src=\"images/xiaomi/detail-xi 9s1.jpg\" with=\"100%\">					<br>\r\nMột vài tính năng camera Redmi Note 9s có thể kể đến như chụp đêm (Night mode), toàn cảnh (Panorama), chế độ chuyên nghiệp (Pro), quay siêu chậm (Super Slow Motion), A.I Camera, Siêu độ phân giải, Trôi nhanh thời gian (Time Lapse), xoá phông, HDR, Làm đẹp (Beautify),...Ở phía trước, Redmi Note 9s có một camera selfie 16MP nằm trong lỗ đục màn hình, hỗ trợ nhiều chế độ.				'),
(77, '6GB', '64GB', 6.67, 'Snapdragon 720G 8 nhân', 'Chính 64 MP & Phụ 8 MP, 5 MP, 2 MP', 'Sạc pin nhanh, 5020 mAh', 36, 'images/xiaomi/xi-redmi note9.jpg', 'images/xiaomi/xi-redmi note9pro2.jpg', '', '<h2>Mua điện thoại Xiaomi Redmi Note 9 Pro chính hãng, giá rẻ tại Smartphone 24h </h2>\r\nNằm trong thế hệ Redmi Note 9 Series năm nay cùng với Redmi Note 9, Redmi Note 9 Pro xứng đáng là một sự lựa chọn không thể nào hoàn hảo hơn dành cho những ai đang muốn sở hữu cho mình một mẫu điện thoại tầm trung với dung lượng pin lớn cùng thiết kế sang trọng, khả năng nhiếp ảnh tốt.					<br>\r\n<h3>Thiết kế sang trọng với mặt lưng kính và màn hình Full HD+ sắc nét</h3>					\r\nXiaomi Redmi Note 9 Pro sở hữu một thiết kế nguyên khối với cả hai mặt trước và sau đều được trang bị một lớp kính cường lực Gorilla Glass 5 bền bỉ nhưng không kém phần bóng bẩy và sang trọng. Đặc biệt là phần mặt sau được vát cong 3D đem lại cảm giác cầm nắm rất tốt và bám tay.					<img style=\"    margin-left: 100px; width: 620px; height: 360px;\" src=\"images/xiaomi/detail-xi note9.jpg\" with=\"100%\" ><br>\r\nRedmi Note 9 Pro được Xiaomi trang bị một màn hình được thiết kế theo dạng “nốt ruồi” với kích cỡ lên tới 6.67 inch siêu rộng, tỉ lệ khung hình theo chuẩn 20:9 mới. Thêm nữa, độ phân giải của Redmi Note 9 Pro cũng đạt chuẩn Full HD+ trên tấm nền IPS LCD mang lại một khả năng hiển thị sắc nét và cực kì sống động. Sự kết hợp giữa màn hình kích thước lớn, tấm nền xịn xò cùng độ phân giải cao, Redmi Note 9 Pro sẽ đáp ứng được đầy đủ các nhu cầu từ xem phim cho tới chơi game.					<br>\r\n<h3>Dung lượng pin khủng 5.020mAh kết hợp với sạc nhanh 30W</h3>					\r\nRedmi Note 9 Pro là mẫu smartphone có viên pin thuộc hàng “bá đạo” với dung lượng lên tới 5.020mAh. Thỏi pin này sẽ cung cấp cho bạn một thời gian sử dụng dài hơi lên tới 2.5 ngày khi ở chế độ chờ, 26 tiếng xem video cùng 11 tiếng chơi game liên tục.					<br>								<img style=\"margin-left: 100px;width: 620px;height: 360px;\" src=\"images/xiaomi/detail-xi 9s.jpg\" with=\"100%\">					<br>\r\nNgoài dung lượng pin lớn, Redmi Note 9 Pro cũng hỗ trợ sạc nhanh với công suất lên tới 30W, giúp người dùng có thể sạc từ 0 lên tới 50% chỉ trong vòng 20 phút. Cổng sạc chuẩn USB Type-C cũng giúp người dùng dễ dàng cắm sạc pin trong đêm cũng như dễ dàng sửa chữa khi cổng sạc gặp sự cố.					'),
(78, '4GB', '64GB', 6.22, 'MediaTek Helio P35 8 nhân', 'Chính 13 MP & Phụ 2 MP', '4230 mAh, Tiết kiệm pin', 37, 'images/oppo/oppoA12.jpg', 'images/oppo/oppo_A12.jpg', 'images/oppo/oppo.A12.jpg', '<h2>Mua điện thoại Oppo A12 chính hãng, giá rẻ tại Smartphone 24h </h2>\r\nĐiện thoại thông minh mang thương hiệu OPPO là một trong những sản phẩm bán chạy nhất tại Trung Quốc. Sau khi thâm nhập vào thị trường Việt Nam, OPPO nhanh chóng mở rộng thị phần của mình. Đây cũng là thương hiệu phổ biến thứ 2 tại Việt Nam với số lượng lớn các khách hàng tin tưởng và ủng hộ sản phẩm. Nhắc đến OPPO chính là nhắc đến những chiếc smartphone có hiệu năng chụp ảnh selfie “thần thánh”. Tháng 4 năm 2020, OPPO bất ngờ tung ra dòng điện thoại thông minh hướng đến phân khúc giá rẻ. Với mức giá vừa túi cùng những ưu điểm vượt trội, Oppo A12 4GB/64GB chính hãng tự tin sẽ làm hài lòng người dùng tại phân khúc này.					<br>					<img style=\"    margin-left: 100px; width: 620px; height: 360px;\" src=\"images/oppo/detail-oppoA12.jpg\" with=\"100%\" ><br>  																		<h3>Camera kép thỏa sức chụp ảnh</h3>\r\nBên cạnh thiết kế, ngày càng nhiều người dùng quan tâm đến thiết lập camera trên smartphone. Điều đó hoàn toàn phù hợp với nhu cầu chụp ảnh linh hoạt của hầu hết khách hàng hiện nay. Đối với những điện thoại giá rẻ và tầm trung, các nhà sản xuất tập trung cải thiện hiệu năng camera và chất lượng ảnh chụp. Ngoài cảm biến vân tay, mặt lưng của chiếc OPPO A12 4GB/64GB chính hãng còn chứa hai ống kính camera kép. Bao gồm một ống kính chính 13MP và một cảm biến 2MP. Điện thoại OPPO cũng hỗ trợ các tính năng như zoom kỹ thuật số 6x, quay video 1080p, chế độ chân dung, chế độ toàn cảnh... Mặc dù chỉ có hai camera sau, OPPO A12 4GB/64GB vẫn có thể đáp ứng nhu cầu chụp ảnh không giới hạn của người dùng.\r\n<img style=\"margin-left: 100px;width: 620px;height: 360px;\" src=\"images/oppo/detail_oppoA12.jpg\" with=\"100%\">					<br>\r\nNhư đã đề cập ở thiết kế mặt trước, màn hình của chiếc OPPO A12 4GB/64GB có một notch nhỏ. Trong đó chứa camera selfie 5MP. Ngày càng nhiều người dùng sử dụng camera selfie trên smartphone cho nhiều mục đích như chụp ảnh tự sướng hay gọi video call cho bạn bè,… Camera selfie cũng là một trong những ưu điểm trên hầu hết điện thoại thông minh của OPPO.\r\n					'),
(79, '6GB', '128GB', 6.5, 'MediaTek Helio P35 8 nhân', 'Chính 12 MP & Phụ 2 MP, 2 MP', '4230 mAh', 38, 'images/oppo/oppo-A31.jpg', 'images/oppo/oppo.A31.jpg', 'images/oppo/oppo_A31.jpg', '<h2>Mua điện thoại Oppo A31 (2020) chính hãng, giá rẻ tại Smartphone 24h </h2>\r\nOPPO A31 (2020) ra mắt đem đến cho người dùng những trải nghiệm tiện nghi nhất trên một chiếc smartphone cơ bản như bộ ba camera ấn tượng, cấu hình phần cứng tốt cùng với thiết kế bắt mắt. Hãy cùng đi tìm hiểu kĩ hơn về chiếc điện thoại này của OPPO nhé.					<br>\r\n<h3>Màn hình tràn viền phù hợp xu thế\r\n</h3>					\r\nOPPO A31 (2020) sở hữu một màn hình có kích thước rất lớn lên tới 6.5 inch trên một tấm nền IPS LCD góc nhìn rộng, độ tương phản tốt và cực kì sắc nét. Theo như OPPO công bố thì A31 2020 có độ sáng màn hình lên tới 480 nits, qua đó người dùng vẫn có thể dễ dàng thao tác và sử dụng máy ở ngoài trời nắng gắt.					<img style=\"    margin-left: 100px; width: 620px; height: 360px;\" src=\"images/oppo/detail-oppoA31.jpg\" with=\"100%\" ><br>\r\nOPPO A31 (2020) có màn hình mang ngôn ngữ thiết kế phổ biến hiện nay là dạng màn hình giọt nước, với hai phần cạnh bên tràn viền uống cong nhẹ 2.5D. Phần giọt nước chính là nơi chứa camera selfie. Vì nhắm vào phân khúc smartphone bình dân giá rẻ thế nên OPPO A31 (2020) chỉ sở hữu mặt lưng được hoàn thiện từ nhựa, bù lại máy có trọng lượng rất nhẹ chỉ 180g. Nhờ có thiết kế như vậy thế nên OPPO A31 (2020) không chỉ sở hữu một vẻ ngoài thời trang hiện đại, mà còn tạo một cảm giác cầm nắm rất tốt cho người dùng.					<br>\r\n<h3>Viên pin dung lượng lớn, có bảo mật vân tay</h3>\r\nOPPO A31 (2020) sở hữu một viên pin có dung lượng 4.230mAh, có thể nói là tương đối ‘trâu bò” trong phân khúc giá rẻ. Kết hợp cùng con chip Helio P35 tiết kiệm điện bạn hoàn có thể dùng OPPO A31 (2020) trong 2 ngày liên tục mới cần phải sạc lại.			\r\n					<img style=\"margin-left: 100px;width: 620px;height: 360px;\" src=\"images/oppo/detail_oppoA31.jpg\" with=\"100%\">					<br>\r\nOPPO cũng không quên trang bị cho A31 (2020) một cảm biến vân tay ở phía mặt lưng, giúp người dùng mở khóa màn hình nhanh chóng hơn, cũng như bảo mật thông tin cá nhân được an toàn hơn. Và nếu như với bảo mật vân tay mà bạn vẫn cảm thấy chưa đủ thì OPPO A31 (2020) vẫn còn bảo mật bằng khuôn mặt cho bạn lựa chọn.\r\nOPPO A31 (2020)  vẫn sẽ hỗ trợ 2 SIM cùng 1 thẻ nhớ microSD riêng biệt, jack âm thanh 3.5mm cùng công nghệ Bluetooth 5.0.\r\n					'),
(80, '6GB', '128GB', 6.5, 'Snapdragon 665 8 nhân', '12 MP - 8 MP - 2 MP - 2 MP', '5000 mAh, Tiết kiệm pin, Sạc pin nhanh', 39, 'images/oppo/oppo_A52.jpg', 'images/oppo/oppo-A52.jpg', 'images/oppo/oppo.A52.jpg', '<h2>Mua điện thoại OPPO A52 chính hãng, giá rẻ tại Smartphone 24h </h2>\r\nOPPO là thương hiệu smartphone không còn xa lạ với người dùng tại Trung Quốc.Mới đây, công ty đã cho ra mắt chiếc điện thoại thông minh OPPO A52 bên cạnh OPPO A92. Hãy cùng Hoàng Hà Mobile khám phá những lý do OPPO A52 khuấy đảo thị trường phân khúc tầm trung này.					<br>\r\n<h3>Thiết kế hiện đại, mặt lưng bóng bẩy</h3>					\r\n OPPO luôn chú trọng đến việc hoàn thiện thiết kế bên ngoài song song với việc nâng cấp cấu hình bên trong. OPPO A52 chính hãng sở hữu mặt lưng cong 3D bóng bẩy, mang lại cảm giác chắc chắn khi cầm trên tay. Thêm vào đó, chiếc OPPO A52 có trọng lượng chỉ khoảng 192g và độ mỏng 8.9 mm, người dùng có thể cảm thấy vô cùng thoải mái khi cầm và sử dụng.<br>					<img style=\"    margin-left: 100px; width: 620px; height: 360px;\" src=\"images/oppo/detail-oppoA52.jpg\" with=\"100%\" ><br>\r\nMặt trước của chiếc OPPO A52 được trang bị màn hình 6.5 inch với độ phân giải Full HD+ (1080 x 2400 Pixels) và tỷ lệ màn hình so với thân máy là 20:9. Màn hình này có thể hiển thị những hình ảnh sắc nét ngay cả khi sử dụng dưới ánh mặt trời. OPPO A52 chính hãng đi theo xu hướng thiết kế màn hình nốt ruồi với một lỗ bấm nhỏ ở góc trên bên trái. Nó đem đến trải nghiệm tối đa trên màn hình cho người sử dụng. Ngoài ra, máy cũng được tích hợp bảo mật vân tay cùng nút nguồn rất thuận tiện khi sử dụng.					<br>\r\n<h3> Cấu hình ổn định, pin khủng 5000mAh</h3>					\r\nBên trong vẻ ngoài bóng bẩy, chiếc OPPO A52 chính hãng được trang bị con chip Qualcomm Snapdragon 665 8 nhân mạnh mẽ. Trong đó bao gồm bốn nhân 2.0Ghz, bốn nhân 1.8 Ghz, cho phép OPPO A52 có khả năng thực hiện đa nhiệm tốt hơn. Khi ra mắt, OPPO A52 chạy trên hệ điều hành Android 10 ổn định và Color OS 7.1. Nhờ đó người dùng sẽ có những trải nghiệm mượt mà, tốc độ xử lý thông tin nhanh chóng ngay cả khi thực hiện các tác vụ nặng.					<br>					<img style=\"margin-left: 100px;width: 620px;height: 360px;\" src=\"images/oppo/detail_oppoA52.jpg\" with=\"100%\"><br>\r\nOPPO A52 sở hữu viên pin dung lượng 5000mAh. Nhà sản xuất cũng trang bị thêm cho máy khả năng sạc nhanh Fast Charge 18W qua cổng sạc USB Type-C. Công nghệ này cho phép OPPO A52 sạc tới 50% chỉ trong vòng 45 phút. Người dùng hoàn toàn có thể thực hiện các tác vụ giải trí, chơi game hoặc làm việc trong suốt ngày dài mà không lo lắng vấn đề tụt pin. OPPO A52 chính hãng được giữ lại cổng âm thanh 3.5mm. Một số tùy chọn kết nối khác như: 4G LTE, Wi-Fi tiêu chuẩn, Bluetooth v5.0, GPS.				'),
(81, '8GB', '128GB', 6.5, 'Snapdragon 665 8 nhân', 'Chính 48 MP & Phụ 8 MP, 2 MP, 2 MP', '5000 mAh', 40, 'images/oppo/oppo-A92.jpg', 'images/oppo/oppo_A92.jpg', '', '<h2>Mua điện thoại Oppo A92 chính hãng, giá rẻ tại Smartphone 24h </h2>\r\nTất cả những gì bạn cần ở một chiếc smartphone trong năm 2020 đều có mặt hết trên OPPO A92: Không lo bỏ lỡ - Trả nghiệm không ngừng.					<br>\r\n<h3>Thiết kế hợp thời</h3>\r\nMàn hình đục lỗ, viền siêu mỏng và mô-đun camera là những nét nổi bật trong thiết kế của OPPO A92. Máy có bộ khung nguyên khối bo cong tròn ở tất cả các góc cạnh nhằm mang tới cảm giác cầm nắm thoải mái và cái nhìn bắt mắt nhất.\r\n\r\nVề thông số cụ thể thì OPPO A92 sở hữu màn hình đục lỗ kích thước 6.5 inches, độ phân giải FullHD+ (2400 x 1080 pixels), viền siêu mỏng chỉ 1.73 cho diện tích hiển thị lên tới 90.5% toàn mặt trước.\r\n<br>					<img style=\"    margin-left: 100px; width: 620px; height: 360px;\" src=\"images/oppo/detail-oppoA92.jpg\" with=\"100%\" ><br>\r\nOPPO A92 có ba màu là Trắng, Tím và Đen và cả hai đều có ánh sáng tập trung ở mô-đun camera bên góc trái. Phong cách sắc màu này được lấy cảm hứng từ khoảng khắc ngày và đêm tại vùng cực địa.					<br>\r\n<h3>Camera siêu chụp đêm 2.0</h3>\r\nLà camera phone nên OPPO A92 chắc chắn sẽ không làm bạn phải thất vọng với cụm 4 camera, nó gồm có một cảm biến chính 48MP siêu sắc nét, một ống kính góc rộng 8MP (119 độ), một cảm biến độ sâu 2PM và cảm biến đơn sắc 2MP cho phép chụp ảnh chân dung (xoá phông).					<br>										<img style=\"margin-left: 100px;width: 620px;height: 360px;\" src=\"images/oppo/detail_oppo92.jpg\" with=\"100%\">					<br>\r\nNếu bạn đam mê ảnh đêm thì chế độ siêu chụp đêm 2.0 sẽ làm bạn hài lòng qua khẩu độ lớn F/1.7 cùng thuật toán Siêu chụp đêm 2.0 cho khả năng thu được nhiều ánh sáng hơn, các chi tiết lẫn màu sắc đều lung linh tuyệt vời.\r\n\r\nCamera selfie 16MP tích hợp nhiều chế độ thời thượng như Selfie A.I Beauty (làm đẹp), AR Stickers (nhãn dán), xoá phông hay panorama.'),
(82, '8GB', '256GB', 6.4, 'MediaTek Helio P95 8 nhân', 'Chính 64 MP & Phụ 13 MP, 8 MP, 2 MP', '4025 mAh', 41, 'images/oppo/oppo-3pro.jpg', '', '', '<h2>Mua điện thoại OPPO Reno3 Pro chính hãng, giá rẻ tại Smartphone 24h </h2>\r\nCũng sở hữu thiết kế đơn giản giống Reno3, nhưng Reno3 Pro lại mang phong cách hiện đại hơn rất nhiều.					<br>\r\n<h3>Thiết kế giản đơn mà sang trọng bậc nhất</h3>					\r\nỞ thời điểm hiện tại, trong suy nghĩ của bạn một chiếc smarpthone phải có ngoại hình như nào thì OPPO Reno3 Pro đúng như vậy.Reno3 Pro có bộ khung nguyên khối, bo cong ở mọi góc cạnh và viền màn hình tứ phía siêu mỏng.<br>					<img style=\" margin-left: 100px; width: 620px; height: 360px;\" src=\"images/oppo/detail-3pro.jpg\" with=\"100%\" ><br>\r\nKích thước của màn hình này có kích thước 6.4 inches, tỷ lệ 20:9, độ phân giải FullHD+, tấm nền Super AMOLED cùng tốc độ làm tươi 90Hz. Chỉ cần chừng đó thôi là chúng ta đã có một siêu phẩm đích thực trong phân khúc tầm trung cận cao cấp, tất nhiên là mọi trải nghiệm hình ảnh, vuốt, hoạt ảo đều mượt như in.					<br>\r\n<h3>Hiệu năng khỏi bàn</h3>\r\nReno3 Pro được trang bị vi xử lý Helio P95, 8 nhân mạnh hơn Helio P90 của Reno3 bản tiêu chuẩn, trong đó sẽ gồm 2 nhân 2.2Ghz hiệu năng cao và 6 nhân 2.0 Ghz tiết kiệm năng lượng.\r\n\r\nRAM 8GB của máy và ổ lưu trữ 256GB của máy lần lượt sử dụng chuẩn LPDDR4X và UFS2.1 cho với tốc độ đọc – ghi rất nhanh.								<br>					<img style=\"margin-left: 100px;width: 620px;height: 360px;\" src=\"images/oppo/detail_3pro.jpg\" with=\"100%\">					<br>\r\nTốc độ khung hình là yếu tố rất quan trọng trong chơi game và nhờ tính năng Hyper Boost nên Reno3 Pro có thể ổn định tốc độ khung hình cao hơn tới 38% so với thông thường. Thơi gian phản hồi cũng tăng cho hiệu suất cảm ứng nâng cao 16%.Bạn sẽ không còn phải lo lắng về nhiệt độ khi sử dụng trong thời gian dài nữa, khi mà OPPO đã trang bị cho Reno3 Pro hệ thống làm mát mạnh mẽ.'),
(83, '8GB', '128GB', 6.4, 'Qualcomm Snapdragon 720G', ' 48 MP (IMX586) + 8 MP + 2 MP + 2 MP ', '4015mAh (Typ)', 42, 'images/oppo/oppo-4.jpg', 'images/oppo/oppo1-4.jpg', 'images/oppo/oppo2-4.jpg', '<h2>Mua điện thoại  Oppo Reno4 chính hãng, giá rẻ tại Smartphone 24h </h2>\r\nOPPO là thương hiệu smartphone Trung Quốc đang ngày càng trở nên phổ biến tại thị trường Việt Nam.Nối tiếp những thành công, OPPO cho ra mắt loạt điện thoại Reno4 Series.Dưới đây là những lí do bạn nên sở hữu một chiếc OPPO Reno4 chính hãng.					<br>\r\n<h3>Thiết kế thời thượng, màn hình sắc nét</h3>					\r\nOPPO cho ra mắt những dòng sản phẩm hướng đến đối tượng người dùng trẻ. OPPO Reno4 chính hãng có thiết kế trẻ trung, thời thượng với các biến thể màu độc đáo. Mặt lưng của OPPO Reno4 được làm bằng nhựa nhưng không hề bị bám nhiều vân tay. Ngoài ra còn có mô-đun camera hình chữ nhật với các góc bo tròn được đặt ở góc trên bên trái của điện thoại. Trong khi đó góc phải bên dưới là dòng chữ tên thương hiệu OPPO quen thuộc.<br>					<img style=\" margin-left: 100px; width: 620px; height: 360px;\" src=\"images/oppo/detail-oppo4.jpg\" with=\"100%\" ><br>\r\nOPPO Reno4 sử dụng cảm biến vân tay dưới màn hình tương tự như những thế hệ điện thoại trước đó. Màn hình OPPO Reno4 sử dụng thiết kế đục lỗ kép ở góc trên bên trái. Nhìn chung thiết kế của OPPO Reno4 chính hãng đã được hoàn thiện rất nhiều, các cạnh viền khá mỏng, chỉ còn viền bên dưới hơi dày. Cạnh trái của OPPO Reno4 là hai phím vật lý tăng giảm âm lượng và khe cắm SIM, thẻ nhớ, trong khi đó cạnh phải của máy là nút nguồn. OPPO Reno4 mang đến cảm giác hiện đại nhưng cũng không kém phần tinh tế.					<br>									<h3>Camera selfie đỉnh cao</h3>\r\nNhư đã đề cập ở trên, những chiếc điện thoại mang thương hiệu OPPO ấn tượng bởi khả năng chụp ảnh vượt trội. OPPO Reno4 chính hãng sở hữu cụm camera selfie kép 32MP với khẩu độ f/2.4, sử dụng cảm biến IMX 616 cũng đến từ Sony và một cảm biến thông minh AI.<br>					<img style=\"margin-left: 100px;width: 620px;height: 360px;\" src=\"images/oppo/detail_oppo4.jpg\" with=\"100%\"><br>\r\nTrong khi đó, mặt sau là mô-đun chưa 4 ống kính và đèn flash LED.Ngoài ra còn có 1 camera góc siêu rộng với độ phân giải 8MP, khẩu độ f/2.2, hỗ trợ chụp góc siêu rộng lên tới 119 độ, 1 cảm biến Mono Lens 2MP khẩu độ f/2.4 hỗ trợ đo chiều sâu vật thể để chụp xóa phông tốt hơn. Cuối cùng là cảm biến Macro với độ phân giải 2MP, khẩu độ f/2.4 hỗ trợ chụp cận cảnh vật thể tốt hơn, cho ra những bức hình đầy tính nghệ thuật.					'),
(84, '8GB', '256GB', 6.5, 'Qualcomm Snapdragon 720G', ' 48 MP (IMX586) + 8 MP + 2 MP + 2 MP (4 CAMERA)', '4000 mAh, Sạc pin nhanh, Sạc nhanh ', 43, 'images/oppo/oppo-4pro.jpg', 'images/oppo/oppo-4pro1.jpg', '', '<h2>Mua điện thoại OPPO Reno4 Pro chính hãng, giá rẻ tại Smartphone 24h </h2>\r\nDù dòng sản phẩm OPPO Reno đã trải qua nhiều thế hệ, nhưng có thể thấy Reno4 Pro chính là chiếc điện thoại có thiết kế đẹp nhất từ trước tới nay. Đây hứa hẹn sẽ là một “siêu phẩm” tầm trung” ấn tượng nhất của OPPO trong năm 2020.					<br>\r\n<h3>Thiết kế đẹp với màn hình tràn viền cùng mặt lưng trang nhã</h3>\r\nOPPO Reno4 Pro có một sự chuyển mình rất lớn so với Reno3 Pro, cả về hình dáng bên ngoài lẫn chất liệu tạo nên sản phẩm. Khung viền bằng nhựa trên Reno3 Pro giờ đây đã được được loại bỏ hoàn toàn và thay vào đó là môt khung viền nhôm nguyên khối cứng cáp trên Reno4 Pro.OPPO Reno4 Pro sẽ có 2 phiên bản màu sắc cho người dùng lựa chọn là Đen Sao Đêm và Trắng Tơ Lụa.<br>										<img style=\"margin-left: 100px; width: 620px; height: 360px;\" src=\"images/oppo/detail-oppo4pro.jpg\" with=\"100%\" ><br>\r\nMàn hình của Reno4 Pro có kích thước 6.5 inch, độ phân giải Full HD+ trên tấm nền AMOLED. Các tính năng hữu ích khác mà OPPO mang tới cho Reno4 Pro bao gồm màn hình 16 triệu màu, tốc độ tần số quét màn hình 90Hz giúp cho mọi thao tác vuốt chạm của người dùng trở nên mượt mà  hơn. Cảm biến vân tay của máy cũng được đặt dưới màn hình để giúp người dùng có thể mở khóa nhanh hơn.					<br>										<h3>Hiệu năng mượt mà với vi xử lý Snapdragon 720G</h3>\r\nDường như OPPO đã thấu hiểu được tâm tư của người dùng khi mà giờ đây OPPO Reno4 Pro đã được tích hợp con chip Snapdragon 720G mạnh mẽ đến từ Qualcomm thay vì con chip của MediaTek như trên Reno3 và Reno3 Pro. Đi cùng với đó là thanh RAM 8GB và 128GB bộ nhớ trong giúp người dùng có thể đa nhiệm và lưu trữ dữ liệu thoải mái nhất có thể.<br>					<img style=\"margin-left: 100px;width: 620px;height: 360px;\" src=\"images/oppo/detail-oppo4pro1.jpg\" with=\"100%\">					<br>\r\nOPPO Reno4 Pro được cài đặt sẵn giao diện người dùng ColorOS 7.2 được tùy biến dựa trên hệ điều hành Android 10, tích hợp nhiều tính năng hữu ích cho phép người dùng có thể thỏa sức sáng tạo và cá nhân hóa chiếc điện thoại của mình không bị đụng hàng với bất cứ ai.'),
(85, '12', '256', 6.78, 'Snapdragon 865 8 nhân', 'Chính 48 MP & Phụ 13 MP, 12 MP', '4200 mAh', 44, 'images/oppo/oppo-X2.png', '', '', '<h2>Mua điện thoại Oppo Find X2 chính hãng, giá rẻ tại Smartphone 24h </h2>\r\nSau một thời gian vắng bóng khỏi phân khúc cao cấp, đầu năm 2020, Oppo đã trở lại với chiếc flagship Oppo Find X2. Đây hứa hẹn là một sản phẩm tiềm năng của Oppo với thông số phần cứng siêu khủng.					<br>\r\n<h3>Thiết kế</h3>\r\nOppo cũng chơi lớn khi sản xuất thêm phiên bản mặt sau bằng gốm ceramic (tuỳ vào màu sắc), đây là đột phá rất lớn của hãng điện thoại này, khác hẳn với con đường mà các nhà sản xuất khác vẫn đang đi.<br>									<img style=\"    margin-left: 100px; width: 620px; height: 360px;\" src=\"images/oppo/detail-oppoX2.png\" with=\"100%\" ><br>\r\nMặt trước của Oppo Find X2 là màn hình kích thước 6.7-inch gần như tràn viền. Ở góc bên trái, màn hình được “đục” một lỗ nhỏ cho camera trước của máy. Thiết kế này Oppo tận dụng tối đa không gian màn hình, đạt được tỉ lệ 90.9% so với kích thước tổng thể.\r\n\r\nMặt lưng của Oppo Find X2 phiên bản màu xanh không chỉ là một màu trơn. Oppo đã tạo ra hiệu ứng màu gradient trên mặt lưng này, khiến người dùng không cảm thấy nhàm chán. Mặt kính này cũng có những đường lượn sóng, giúp làm giảm khả năng bám dấu vân tay. Máy cũng có phiên bản màu đen cổ điển nữa, nhưng chắc chắn sẽ không lộng lẫy bằng màu xanh đại dương này.					<br>															<h3>Cấu hình và phần mềm</h3>\r\nGiống như những chiếc flagship khác, Oppo Find X2 mang trên mình cấu hình mạnh nhất vào thời điểm đầu năm 2020 này. Máy được trang bị SoC Snapdragon 865 8 nhân, chạy trên tiến trình 7nm và đồ hoạ Adreno 650. Bên cạnh đó là RAM lên tới 12GB và 256GB bộ nhớ trong. Với cấu hình, Oppo Find X2 dễ dàng lọt vào top các smartphone khoẻ nhất trong năm nay. Sẽ hiếm có game nào gay khó khăn được cho thiết bị của Oppo.					<img style=\"margin-left: 100px;width: 620px;height: 360px;\" src=\"images/oppo/detail_oppoX2.png\" with=\"100%\"><br>\r\nFind X2 chạy trên Android 10 với giao diện ColorOS 7.1 mới nhất của Oppo.Oppo Find X2 cũng được trang bị khả năng chống nước, giúp máy không bị ảnh hưởng nếu bạn làm đổ nước hay gặp phải cơn mưa bất chợt.					');

--
-- Chỉ mục cho các bảng đã đổ
--

--
-- Chỉ mục cho bảng `banner`
--
ALTER TABLE `banner`
  ADD PRIMARY KEY (`id`);

--
-- Chỉ mục cho bảng `category`
--
ALTER TABLE `category`
  ADD PRIMARY KEY (`id`);

--
-- Chỉ mục cho bảng `color`
--
ALTER TABLE `color`
  ADD PRIMARY KEY (`id`),
  ADD KEY `id_product` (`id_product`);

--
-- Chỉ mục cho bảng `order`
--
ALTER TABLE `order`
  ADD PRIMARY KEY (`id`);

--
-- Chỉ mục cho bảng `order_detail`
--
ALTER TABLE `order_detail`
  ADD PRIMARY KEY (`id`);

--
-- Chỉ mục cho bảng `producer`
--
ALTER TABLE `producer`
  ADD PRIMARY KEY (`id`);

--
-- Chỉ mục cho bảng `product`
--
ALTER TABLE `product`
  ADD PRIMARY KEY (`id`),
  ADD KEY `id_hang` (`id_hang`);

--
-- Chỉ mục cho bảng `product_detail`
--
ALTER TABLE `product_detail`
  ADD PRIMARY KEY (`id`),
  ADD KEY `id_product` (`id_product`);

--
-- AUTO_INCREMENT cho các bảng đã đổ
--

--
-- AUTO_INCREMENT cho bảng `banner`
--
ALTER TABLE `banner`
  MODIFY `id` int(11) NOT NULL AUTO_INCREMENT;

--
-- AUTO_INCREMENT cho bảng `category`
--
ALTER TABLE `category`
  MODIFY `id` int(11) NOT NULL AUTO_INCREMENT, AUTO_INCREMENT=3;

--
-- AUTO_INCREMENT cho bảng `color`
--
ALTER TABLE `color`
  MODIFY `id` int(11) NOT NULL AUTO_INCREMENT;

--
-- AUTO_INCREMENT cho bảng `order_detail`
--
ALTER TABLE `order_detail`
  MODIFY `id` int(11) NOT NULL AUTO_INCREMENT, AUTO_INCREMENT=46;

--
-- AUTO_INCREMENT cho bảng `producer`
--
ALTER TABLE `producer`
  MODIFY `id` int(11) NOT NULL AUTO_INCREMENT, AUTO_INCREMENT=7;

--
-- AUTO_INCREMENT cho bảng `product`
--
ALTER TABLE `product`
  MODIFY `id` int(11) NOT NULL AUTO_INCREMENT, AUTO_INCREMENT=50;

--
-- AUTO_INCREMENT cho bảng `product_detail`
--
ALTER TABLE `product_detail`
  MODIFY `id` int(11) NOT NULL AUTO_INCREMENT, AUTO_INCREMENT=86;

--
-- Các ràng buộc cho các bảng đã đổ
--

--
-- Các ràng buộc cho bảng `color`
--
ALTER TABLE `color`
  ADD CONSTRAINT `color_ibfk_1` FOREIGN KEY (`id_product`) REFERENCES `product` (`id`);

--
-- Các ràng buộc cho bảng `product`
--
ALTER TABLE `product`
  ADD CONSTRAINT `product_ibfk_1` FOREIGN KEY (`id_hang`) REFERENCES `producer` (`id`);

--
-- Các ràng buộc cho bảng `product_detail`
--
ALTER TABLE `product_detail`
  ADD CONSTRAINT `product_detail_ibfk_1` FOREIGN KEY (`id_product`) REFERENCES `product` (`id`);
COMMIT;

/*!40101 SET CHARACTER_SET_CLIENT=@OLD_CHARACTER_SET_CLIENT */;
/*!40101 SET CHARACTER_SET_RESULTS=@OLD_CHARACTER_SET_RESULTS */;
/*!40101 SET COLLATION_CONNECTION=@OLD_COLLATION_CONNECTION */;
